role,season_t,season_t1,n_retained,spearman_rho
DF,1718,1819,530,0.625
DF,1819,1920,515,0.64
DF,1920,2021,530,0.613
DF,2021,2122,529,0.607
DF,2122,2223,535,0.529
DF,2223,2324,541,0.562
DF,2324,2425,516,0.556
MF,1718,1819,405,0.717
MF,1819,1920,402,0.728
MF,1920,2021,407,0.768
MF,2021,2122,408,0.745
MF,2122,2223,397,0.693
MF,2223,2324,381,0.714
MF,2324,2425,368,0.743
FW,1718,1819,280,0.643
FW,1819,1920,264,0.604
FW,1920,2021,275,0.665
FW,2021,2122,275,0.595
FW,2122,2223,268,0.586
FW,2223,2324,265,0.506
FW,2324,2425,259,0.622
