role,league_primary,count,mean,std
DF,ENG-Premier League,1198,0.08,0.519
DF,ESP-La Liga,1244,-0.142,0.464
DF,FRA-Ligue 1,1194,0.032,0.533
DF,GER-Bundesliga,1106,0.159,0.522
DF,ITA-Serie A,1327,-0.1,0.478
FW,ENG-Premier League,740,0.077,0.638
FW,ESP-La Liga,739,-0.091,0.671
FW,FRA-Ligue 1,726,-0.007,0.715
FW,GER-Bundesliga,636,0.075,0.66
FW,ITA-Serie A,733,-0.046,0.652
MF,ENG-Premier League,996,0.042,0.627
MF,ESP-La Liga,1120,-0.072,0.614
MF,FRA-Ligue 1,978,0.075,0.631
MF,GER-Bundesliga,891,-0.029,0.635
MF,ITA-Serie A,1033,-0.008,0.598
