feature,non_missing_n,non_missing_pct
perf_rank_t,14661,68.6023115436807
perf_z_t,14661,68.6023115436807
perf_z_t_minus1,10302,48.20551214262318
trend_1s,9127,42.70740723410229
trend_2s,6575,30.765991296616914
trend_3s,4632,21.674231435122362
n_hist_seasons,21371,100.0
age_,21368,99.98596228533995
age_sq,21368,99.98596228533995
minutes_t,21371,100.0
starts_t,21371,100.0
minutes_t_minus1,12908,60.39960694398951
minutes_volatility_3s,13718,64.18978990220393
is_DF,21371,100.0
is_MF,21371,100.0
is_FW,21371,100.0
league_strength_t,21371,100.0
club_strength_t,21371,100.0
club_strength_change,12908,60.39960694398951
team_attack_strength_t,21371,100.0
team_defense_strength_t,21371,100.0
missed_matches_t,21371,100.0
missed_matches_t_minus1,12908,60.39960694398951
transfer_indicator,12908,60.39960694398951
league_change_indicator,12908,60.39960694398951
goals_per90,21023,98.37162509943381
xG_per90,21023,98.37162509943381
assists_per90,21023,98.37162509943381
xA_per90,21023,98.37162509943381
goals_per90_x_FW,21023,98.37162509943381
goals_per90_x_MF,21023,98.37162509943381
goals_per90_x_DF,21023,98.37162509943381
xG_per90_x_FW,21023,98.37162509943381
xG_per90_x_MF,21023,98.37162509943381
xG_per90_x_DF,21023,98.37162509943381
assists_per90_x_FW,21023,98.37162509943381
assists_per90_x_MF,21023,98.37162509943381
assists_per90_x_DF,21023,98.37162509943381
xA_per90_x_FW,21023,98.37162509943381
xA_per90_x_MF,21023,98.37162509943381
xA_per90_x_DF,21023,98.37162509943381
progression_per90,21023,98.37162509943381
creation_per90,21023,98.37162509943381
possession_per90,21023,98.37162509943381
defense_per90,21023,98.37162509943381
