,fold1,fold2,fold3,fold4,mean_importance
perf_z_t,0.27712446,0.27556875,0.2728155,0.28602716,0.27788398
perf_rank_t,0.15053827,0.12954766,0.14816225,0.13149036,0.13993463
creation_per90,0.0152932815,0.057672158,0.067422815,0.0705353,0.052730888
perf_z_t_minus1,0.02980709,0.045703653,0.0457363,0.05178391,0.043257736
progression_per90,0.026191464,0.03240079,0.027038578,0.023806289,0.02735928
is_MF,0.01593228,0.022330608,0.019384269,0.014370838,0.0180045
club_strength_t,0.019528713,0.019880671,0.016673561,0.015367619,0.01786264
trend_2s,0.014395316,0.018428193,0.015392443,0.016489632,0.016176397
trend_1s,0.015401619,0.015311174,0.0170122,0.015340503,0.015766375
team_attack_strength_t,0.016110033,0.015979089,0.013484149,0.01564434,0.015304403
possession_per90,0.0161255,0.012182283,0.013953507,0.018870305,0.015282899
age_,0.015014398,0.016351214,0.01328098,0.01577168,0.015104568
age_sq,0.016511122,0.012378261,0.014385454,0.013622506,0.014224336
starts_t,0.011726924,0.01304945,0.014997808,0.015310664,0.013771211
minutes_t,0.0127367005,0.014619338,0.012750467,0.0139298355,0.013509085
goals_per90,0.013698513,0.012628744,0.010974338,0.012205554,0.012376787
defense_per90,0.01294965,0.012869552,0.01328036,0.009146797,0.0120615885
team_defense_strength_t,0.012516002,0.011219594,0.01293439,0.01042192,0.011772976
xG_per90,0.010741727,0.010931849,0.011517968,0.012488622,0.011420041
xA_per90_x_MF,0.010545161,0.013129918,0.0130338585,0.008732435,0.011360343
goals_per90_x_FW,0.015944729,0.010286139,0.006938183,0.011099225,0.011067068
league_strength_t,0.012762609,0.011251544,0.009387312,0.010092134,0.0108734
xG_per90_x_DF,0.013112058,0.007952469,0.010229303,0.011899492,0.010798331
xG_per90_x_FW,0.014164485,0.008037138,0.010723579,0.00921226,0.010534366
missed_matches_t,0.013170882,0.010111041,0.009629067,0.00879755,0.010427135
xA_per90,0.013068105,0.011535008,0.008360709,0.008725332,0.010422289
assists_per90_x_MF,0.012660932,0.011345226,0.007552828,0.009158005,0.010179248
assists_per90_x_FW,0.0126384515,0.0111571625,0.008885083,0.007931888,0.010153146
xG_per90_x_MF,0.012187507,0.010944739,0.009067597,0.008359722,0.010139892
xA_per90_x_DF,0.011982094,0.010114007,0.009108617,0.008893796,0.010024629
xA_per90_x_FW,0.00976158,0.009706045,0.009469836,0.00999971,0.009734293
goals_per90_x_MF,0.010976744,0.0118033,0.009468858,0.006580984,0.009707471
transfer_indicator,0.011753852,0.0076936586,0.011105989,0.007959532,0.009628257
assists_per90,0.0112276925,0.0104488265,0.008609831,0.0073182904,0.00940116
club_strength_change,0.010368896,0.009280184,0.008529824,0.009381794,0.009390174
missed_matches_t_minus1,0.010813508,0.010040672,0.008172709,0.008498655,0.0093813855
assists_per90_x_DF,0.010562194,0.011244654,0.008008593,0.0074097263,0.009306291
goals_per90_x_DF,0.011283381,0.0089382455,0.00803152,0.0081047965,0.009089486
is_DF,0.005628555,0.0,0.016004318,0.014286733,0.008979902
minutes_volatility_3s,0.010529469,0.008895678,0.007786159,0.008675794,0.008971775
minutes_t_minus1,0.00870799,0.007877228,0.007133779,0.008670839,0.008097459
trend_3s,0.0,0.011287423,0.010826302,0.009561427,0.007918788
league_change_indicator,0.008501789,0.0,0.009540192,0.012005424,0.007511851
n_hist_seasons,0.0023324683,0.008163567,0.0046737134,0.0074203257,0.0056475187
trend_2s__missing,0.00913499,0.01098421,0.0,0.0,0.0050298003
perf_z_t_minus1__missing,0.016378026,0.0,0.00080526626,0.0,0.004295823
trend_3s__missing,0.0,0.0,0.007719601,0.008600305,0.0040799766
minutes_t_minus1__missing,0.0074587967,0.008718887,0.0,0.0,0.004044421
is_FW,0.0,0.0,0.0,0.0,0.0
trend_1s__missing,0.0,0.0,0.0,0.0,0.0
minutes_volatility_3s__missing,0.0,0.0,0.0,0.0,0.0
missed_matches_t_minus1__missing,0.0,0.0,0.0,0.0,0.0
club_strength_change__missing,0.0,0.0,0.0,0.0,0.0
league_change_indicator__missing,0.0,0.0,0.0,0.0,0.0
transfer_indicator__missing,0.0,0.0,0.0,0.0,0.0
