fold,model,feature_spec,inner_val_mae,selected,alpha,l1_ratio,n_estimators,max_depth,min_samples_leaf,learning_rate,num_leaves
1,Ridge,full,16.807382351665684,False,0.1,,,,,,
1,Ridge,full,16.80676943414709,False,0.3,,,,,,
1,Ridge,full,16.804836396491623,False,1.0,,,,,,
1,Ridge,full,16.801604125427975,False,3.0,,,,,,
1,Ridge,full,16.80010632242982,True,10.0,,,,,,
1,Ridge,full,16.81030133945755,False,30.0,,,,,,
1,Ridge,full,16.853293065076606,False,100.0,,,,,,
1,Ridge,full,16.967297070051263,False,300.0,,,,,,
1,ElasticNet,full,16.858381602006773,True,0.05,0.1,,,,,
1,ElasticNet,full,16.920110333893184,False,0.1,0.1,,,,,
1,ElasticNet,full,17.151598613301285,False,0.3,0.1,,,,,
1,ElasticNet,full,16.87159514861204,False,0.1,0.5,,,,,
1,ElasticNet,full,17.02578162766219,False,0.3,0.5,,,,,
1,ElasticNet,full,17.173259784396212,False,0.5,0.5,,,,,
1,Random Forest,full,16.89340232320887,False,,,200.0,4.0,10.0,,
1,Random Forest,full,16.715879145032876,False,,,200.0,6.0,10.0,,
1,Random Forest,full,16.700039221268483,True,,,200.0,8.0,10.0,,
1,Random Forest,full,16.70345648774628,False,,,200.0,6.0,20.0,,
1,XGBoost,full,16.706022476581115,False,,,200.0,2.0,,0.03,
1,XGBoost,full,16.662017219090995,False,,,300.0,2.0,,0.03,
1,XGBoost,full,16.571957380219065,False,,,200.0,3.0,,0.03,
1,XGBoost,full,16.579196247287946,False,,,300.0,3.0,,0.03,
1,XGBoost,full,16.590667335730092,False,,,200.0,2.0,,0.05,
1,XGBoost,full,16.56706210618014,True,,,300.0,3.0,,0.05,
1,LightGBM,full,16.790260616355464,False,,,200.0,2.0,,0.03,7.0
1,LightGBM,full,16.742340780050633,False,,,300.0,2.0,,0.03,7.0
1,LightGBM,full,16.65184825338781,False,,,200.0,3.0,,0.03,15.0
1,LightGBM,full,16.646104273477356,True,,,300.0,3.0,,0.03,15.0
1,LightGBM,full,16.711002784613026,False,,,200.0,3.0,,0.05,15.0
2,Ridge,full,17.1629389538543,False,0.1,,,,,,
2,Ridge,full,17.160661958058554,False,0.3,,,,,,
2,Ridge,full,17.152825419171226,False,1.0,,,,,,
2,Ridge,full,17.132213283539517,False,3.0,,,,,,
2,Ridge,full,17.076100228675433,False,10.0,,,,,,
2,Ridge,full,16.986494611387897,False,30.0,,,,,,
2,Ridge,full,16.913204283240557,True,100.0,,,,,,
2,Ridge,full,16.943465755228186,False,300.0,,,,,,
2,ElasticNet,full,16.90577682503025,False,0.05,0.1,,,,,
2,ElasticNet,full,16.949348894872383,False,0.1,0.1,,,,,
2,ElasticNet,full,17.179034798923876,False,0.3,0.1,,,,,
2,ElasticNet,full,16.886754888657833,True,0.1,0.5,,,,,
2,ElasticNet,full,17.07034556230076,False,0.3,0.5,,,,,
2,ElasticNet,full,17.2444401694649,False,0.5,0.5,,,,,
2,Random Forest,full,17.374689625470943,False,,,200.0,4.0,10.0,,
2,Random Forest,full,17.019783168356046,False,,,200.0,6.0,10.0,,
2,Random Forest,full,16.92213168082496,True,,,200.0,8.0,10.0,,
2,Random Forest,full,17.044638862488984,False,,,200.0,6.0,20.0,,
2,XGBoost,full,16.84816702676517,False,,,200.0,2.0,,0.03,
2,XGBoost,full,16.673580383381307,False,,,300.0,2.0,,0.03,
2,XGBoost,full,16.63158430612178,False,,,200.0,3.0,,0.03,
2,XGBoost,full,16.53180483610023,False,,,300.0,3.0,,0.03,
2,XGBoost,full,16.623939537252063,False,,,200.0,2.0,,0.05,
2,XGBoost,full,16.505178778977335,True,,,300.0,3.0,,0.05,
2,LightGBM,full,16.8615485546872,False,,,200.0,2.0,,0.03,7.0
2,LightGBM,full,16.753302063066734,False,,,300.0,2.0,,0.03,7.0
2,LightGBM,full,16.734816145534168,False,,,200.0,3.0,,0.03,15.0
2,LightGBM,full,16.660492539701085,False,,,300.0,3.0,,0.03,15.0
2,LightGBM,full,16.61699305534908,True,,,200.0,3.0,,0.05,15.0
3,Ridge,full,17.991993643228987,True,0.1,,,,,,
3,Ridge,full,17.992409140517964,False,0.3,,,,,,
3,Ridge,full,17.99381215206012,False,1.0,,,,,,
3,Ridge,full,17.99743208704511,False,3.0,,,,,,
3,Ridge,full,18.006941838494768,False,10.0,,,,,,
3,Ridge,full,18.022141605006272,False,30.0,,,,,,
3,Ridge,full,18.050744017755104,False,100.0,,,,,,
3,Ridge,full,18.10129649627266,False,300.0,,,,,,
3,ElasticNet,full,18.082728255712926,True,0.05,0.1,,,,,
3,ElasticNet,full,18.12669078732573,False,0.1,0.1,,,,,
3,ElasticNet,full,18.276096866670898,False,0.3,0.1,,,,,
3,ElasticNet,full,18.08617359021311,False,0.1,0.5,,,,,
3,ElasticNet,full,18.169644068891593,False,0.3,0.5,,,,,
3,ElasticNet,full,18.264947891726045,False,0.5,0.5,,,,,
3,Random Forest,full,18.14829568115896,False,,,200.0,4.0,10.0,,
3,Random Forest,full,17.816955659596314,False,,,200.0,6.0,10.0,,
3,Random Forest,full,17.76967872879206,True,,,200.0,8.0,10.0,,
3,Random Forest,full,17.844745522617444,False,,,200.0,6.0,20.0,,
3,XGBoost,full,17.898334094224257,False,,,200.0,2.0,,0.03,
3,XGBoost,full,17.77690609170626,False,,,300.0,2.0,,0.03,
3,XGBoost,full,17.708183434424463,False,,,200.0,3.0,,0.03,
3,XGBoost,full,17.61979270449616,True,,,300.0,3.0,,0.03,
3,XGBoost,full,17.769100818235106,False,,,200.0,2.0,,0.05,
3,XGBoost,full,17.64550542351906,False,,,300.0,3.0,,0.05,
3,LightGBM,full,17.96862025374568,False,,,200.0,2.0,,0.03,7.0
3,LightGBM,full,17.851826853957938,False,,,300.0,2.0,,0.03,7.0
3,LightGBM,full,17.854665229157774,False,,,200.0,3.0,,0.03,15.0
3,LightGBM,full,17.794042391600204,False,,,300.0,3.0,,0.03,15.0
3,LightGBM,full,17.74331934119861,True,,,200.0,3.0,,0.05,15.0
4,Ridge,full,17.93663030282986,False,0.1,,,,,,
4,Ridge,full,17.936367432960964,False,0.3,,,,,,
4,Ridge,full,17.93546265601468,False,1.0,,,,,,
4,Ridge,full,17.93304627332514,False,3.0,,,,,,
4,Ridge,full,17.926331660789668,False,10.0,,,,,,
4,Ridge,full,17.916443920685317,False,30.0,,,,,,
4,Ridge,full,17.9076446427072,True,100.0,,,,,,
4,Ridge,full,17.927778928879775,False,300.0,,,,,,
4,ElasticNet,full,17.922139591086058,True,0.05,0.1,,,,,
4,ElasticNet,full,17.966988088359468,False,0.1,0.1,,,,,
4,ElasticNet,full,18.158972880353673,False,0.3,0.1,,,,,
4,ElasticNet,full,17.923392141055768,False,0.1,0.5,,,,,
4,ElasticNet,full,18.05487720247212,False,0.3,0.5,,,,,
4,ElasticNet,full,18.206750376603974,False,0.5,0.5,,,,,
4,Random Forest,full,18.18370912122694,False,,,200.0,4.0,10.0,,
4,Random Forest,full,17.824935776909317,False,,,200.0,6.0,10.0,,
4,Random Forest,full,17.71649297217104,True,,,200.0,8.0,10.0,,
4,Random Forest,full,17.846140845505882,False,,,200.0,6.0,20.0,,
4,XGBoost,full,17.841717457236733,False,,,200.0,2.0,,0.03,
4,XGBoost,full,17.708334745687583,False,,,300.0,2.0,,0.03,
4,XGBoost,full,17.67661352564464,False,,,200.0,3.0,,0.03,
4,XGBoost,full,17.63457215949526,True,,,300.0,3.0,,0.03,
4,XGBoost,full,17.70174839356139,False,,,200.0,2.0,,0.05,
4,XGBoost,full,17.673890788219797,False,,,300.0,3.0,,0.05,
4,LightGBM,full,17.895657844634357,False,,,200.0,2.0,,0.03,7.0
4,LightGBM,full,17.767223834277118,False,,,300.0,2.0,,0.03,7.0
4,LightGBM,full,17.782856187546567,False,,,200.0,3.0,,0.03,15.0
4,LightGBM,full,17.718959251070363,True,,,300.0,3.0,,0.03,15.0
4,LightGBM,full,17.75773760070851,False,,,200.0,3.0,,0.05,15.0
