role,model,n,MAE,MedianAE,RMSE,R2,Spearman,Bias,P90_AE,P95_AE
DF,Persistence,2121,20.471269042554624,15.912861332216169,26.821522680600363,0.12712972606573192,0.5633604315478589,-0.6606549507911983,45.5960004493877,54.6644323418517
DF,Role-age-league mean,2121,24.325527759763418,23.855123226606814,28.33470555929596,0.02586252108505449,0.18148655489154047,0.347035529035245,43.450130584636966,48.442427462210006
DF,Linear regression,2121,18.840632066879824,16.38855419970197,22.947439670996594,0.36107288657743364,0.598822533150936,1.8242793693654422,36.44907287944687,43.12118778984455
DF,Ridge,2121,18.85116040560668,16.443023294610228,22.905732362943574,0.3633932947644002,0.5990144377631533,1.594619670062623,36.55423844794248,42.714374082834425
DF,ElasticNet,2121,18.903767004718087,16.740492779437545,22.83070474414505,0.3675568692416338,0.6000977052797224,1.018838885442768,36.49332078053964,42.264473370521145
DF,Random Forest,2121,18.847957798963893,16.8650376013806,22.962752102130388,0.36021991197514613,0.5937459034550565,0.9692659735087534,36.83048335215831,43.48722427864763
DF,XGBoost,2121,18.636398851804536,16.480320367057004,22.774841186374445,0.37064808340517796,0.6031442403613807,1.1737254341712013,36.68671135723909,43.093745939193234
DF,LightGBM,2121,18.770336144997707,16.531753726410635,22.842553676517163,0.366900234190633,0.5998852343386266,1.3175428948785448,36.24832418293848,43.18046206527559
DF,Mixed-effects (BLUP),2121,18.849712364984594,16.585512640712025,22.921218791350398,0.3625321918113613,0.5959885268622129,0.6012760044391817,36.96329431973399,43.58598652237011
FW,Persistence,1067,20.350919765382194,16.71883307751728,26.417922978878533,0.15403546599896634,0.5750242361975771,-0.4949767415246211,44.96141749203931,54.878813414793186
FW,Role-age-league mean,1067,24.548779275487544,24.28231808052437,28.732225177766765,-0.000675667601769625,0.15581594388988546,1.2481279029147527,44.464749720004846,49.68023762991685
FW,Linear regression,1067,18.46009209938022,16.88597884894164,22.538070287094843,0.38427289133465614,0.6328114065222703,2.2477639153802524,35.81040193656537,42.81439318122504
FW,Ridge,1067,18.428701494075096,16.682886638705202,22.491780911319218,0.3867994922720017,0.6341451540026228,2.047708064700796,35.35406588010549,43.100017413189214
FW,ElasticNet,1067,18.296993093480836,16.74710250543297,22.35550703715718,0.39420753715040313,0.6373217393176098,1.5153032314183024,34.94791177139256,42.69464990856037
FW,Random Forest,1067,18.07845086328006,16.195574503099778,22.490364349811532,0.38687673016483437,0.6286903781154992,1.4543684165863304,36.63292884648945,42.85126025492747
FW,XGBoost,1067,17.887690623640943,16.25488723350677,22.382717095602125,0.3927319562254825,0.6369185458421378,1.4933796592988258,36.3022768336416,43.30208317901867
FW,LightGBM,1067,17.961945321902217,16.327758247945027,22.426498617150664,0.3903539498750096,0.6341492930690614,1.5179951816584596,36.154399080785986,43.15655540630945
FW,Mixed-effects (BLUP),1067,18.97757494276321,17.23631361810211,23.317836695157986,0.34093032458698536,0.6075628147723292,1.3652582955596269,37.41949393294588,43.65320507345
MF,Persistence,1554,15.783499293876616,11.96506213773825,21.066841080938694,0.45048187416008756,0.7225948668429955,-0.8956595937939115,34.63091660739525,44.31633178773826
MF,Role-age-league mean,1554,24.685451526212884,24.058935667040043,28.744613852585378,-0.02304830828368276,0.022562589251686766,0.463064833360821,45.373570160188855,49.310099954149
MF,Linear regression,1554,15.242390615294475,13.140188105800972,18.948265307251052,0.5554484817603111,0.7493321501266236,1.7790527245081476,30.556126461309166,36.68895609774295
MF,Ridge,1554,15.220360097427394,13.124225582818568,18.913428931503386,0.5570815946028951,0.7496550757113589,1.549526013030473,30.51634131230369,36.3779224468845
MF,ElasticNet,1554,15.138985023705242,13.146805886858044,18.773680839094908,0.5636027102913516,0.7530909209224355,0.930688758711821,30.32218982888719,36.280516117684506
MF,Random Forest,1554,14.797737107731098,12.320393170647515,18.67685498946654,0.5680925675715778,0.7516005481536213,0.11363452927480715,30.58109312306902,37.97907814772947
MF,XGBoost,1554,14.73397177894495,12.430585385085738,18.64384304553045,0.5696180388699856,0.7528025969057167,0.34045776491008245,30.196853184314463,36.85582841657453
MF,LightGBM,1554,14.827407927537278,12.471431794083369,18.649238298590106,0.5693689104509103,0.752553047365827,0.33117561310210536,30.423568714446375,36.198035954458376
MF,Mixed-effects (BLUP),1554,15.454595023340923,13.29320436389205,19.082499964630305,0.5491275237242854,0.7483437670962605,0.7316141828227473,30.862689756648816,36.97209053821551
