fold,forecast_origin_season,target_season,model,n,MAE,MedianAE,RMSE,R2,Spearman,Bias,P90_AE,P95_AE
1,2020/21,2021/22,Persistence,1212,18.138824954401834,14.01771611642228,23.924544534996894,0.30703790096106887,0.6501291494928892,-0.8798372902476035,40.177681465794635,50.132530729482816
1,2020/21,2021/22,Role-age-league mean,1212,24.566334621704193,24.008450817269548,28.83198974078759,-0.006401682589042279,0.14562511844352807,1.3328368299616882,45.15491369123836,49.40067467453186
1,2020/21,2021/22,Linear regression,1212,17.164083929231108,15.03617128457428,21.126459124281407,0.45964950690494677,0.6895577588903127,4.020828397945564,33.68442110563769,41.35817526006146
1,2020/21,2021/22,Ridge,1212,17.076100228675433,14.869667844505248,21.00725973852583,0.46572981988990814,0.6910348498213766,3.602087036130812,33.76638664014817,40.64686017849484
1,2020/21,2021/22,ElasticNet,1212,16.90577682503025,14.621764486572367,20.713089926420757,0.4805880872032394,0.6940922917615526,1.8867536047377786,33.463232073117915,39.90661827530835
1,2020/21,2021/22,Random Forest,1212,16.92213168082496,14.79365026652248,20.954897503745528,0.4683899207593748,0.6829312556983242,0.8495337119783355,34.05953180267276,40.65824673704286
1,2020/21,2021/22,XGBoost,1212,16.505178778977335,14.05098441339308,20.665532954698076,0.48297047441852814,0.6950461365118789,1.1982335991375674,33.49730754631941,39.98989873427886
1,2020/21,2021/22,LightGBM,1212,16.660492539701085,14.503029235799792,20.70421111875403,0.4810332907010276,0.6916768990135815,0.8290586957251705,33.11153873872497,40.49921349568487
1,2020/21,2021/22,Mixed-effects (BLUP),1212,17.24484945641973,15.186604235085916,21.15820603813091,0.4580243079513161,0.6812504889814605,0.9793117261448796,33.75416927611207,41.01617705300376
2,2021/22,2022/23,Persistence,1200,19.607263667832388,15.341588963009379,25.730616635615174,0.19585868296371345,0.5941807441722247,-2.046774448975711,43.50340859155799,52.83593895796835
2,2021/22,2022/23,Role-age-league mean,1200,24.689882803175145,24.30879469715631,28.70324951535393,-0.0006774680935797139,0.10503151126087795,-0.015592732416077459,44.87494678724626,49.488992022654166
2,2021/22,2022/23,Linear regression,1200,17.991783344652504,15.577835671748272,22.03252180971759,0.41039602089029803,0.6373755663628086,0.5832527885644405,35.67703752832722,41.89765247659036
2,2021/22,2022/23,Ridge,1200,18.050744017755104,15.81997431318592,22.020564211689013,0.41103583273451083,0.6365348470260564,0.16021398947222315,36.002576370385306,41.5882930871842
2,2021/22,2022/23,ElasticNet,1200,18.08617359021311,15.95123780157856,21.991912847657087,0.4125674600489819,0.6369485903703703,-0.07183687451370512,35.71228074470369,41.53379971517777
2,2021/22,2022/23,Random Forest,1200,17.76967872879206,15.42573811111357,22.0272450248124,0.4106784071587748,0.6352036551247732,-0.3585454319033314,36.69822857747693,41.2308095018866
2,2021/22,2022/23,XGBoost,1200,17.64550542351906,15.373721924815193,21.95629562936376,0.41446868349964405,0.6393696128933757,-0.764190763333735,36.256888290743824,41.96768815896206
2,2021/22,2022/23,LightGBM,1200,17.74331934119861,15.452214566871902,22.003982825000477,0.4119224735754359,0.6354019677631789,-0.5015525770905408,36.10663299283418,42.316714042130755
2,2021/22,2022/23,Mixed-effects (BLUP),1200,18.205936005538625,15.822184916092517,22.359073483258133,0.39278904965551176,0.6278416881811782,-0.28975292353811244,36.86675473399475,41.99373972578852
3,2022/23,2023/24,Persistence,1187,19.390673166483705,15.330729528076823,25.523771548184918,0.2047161096917961,0.5953171569019761,0.5213414126924545,41.81574889347497,52.76460496934895
3,2022/23,2023/24,Role-age-league mean,1187,24.309525257129224,23.77340789238454,28.37653103132007,0.017005487784254925,0.15913663593354743,0.47303503823385906,43.88445448145254,47.99136965428557
3,2022/23,2023/24,Linear regression,1187,17.936762477439757,15.928849517824084,22.099662782972615,0.40378378740809884,0.638671163345438,2.006317686402187,34.58099832005594,41.46922355733795
3,2022/23,2023/24,Ridge,1187,17.93663030282986,15.93129076248156,22.099430292977818,0.4037963318144463,0.6386722180886333,2.0062654347076543,34.58206725082885,41.466516652054786
3,2022/23,2023/24,ElasticNet,1187,17.922139591086058,16.16799936744399,22.004014803384838,0.40893350120294036,0.641014400918278,1.7345232698436954,35.184556457770384,40.76714820262483
3,2022/23,2023/24,Random Forest,1187,17.71649297217104,15.241768133326676,21.98638660438263,0.40988017064178917,0.6380235079728324,1.7476885851789268,34.61028268676163,42.63232842215657
3,2022/23,2023/24,XGBoost,1187,17.63457215949526,15.486625705145102,21.872964536093864,0.41595301642497273,0.6452200710196621,2.123612710412778,34.28695163632807,42.00195071888217
3,2022/23,2023/24,LightGBM,1187,17.75773760070851,15.680552198853874,21.98023192918702,0.41021051028213873,0.641390090399241,2.276674286317975,34.30506499255788,42.02402866574756
3,2022/23,2023/24,Mixed-effects (BLUP),1187,18.08279042983329,16.274717049006625,22.287472108379394,0.3936070925323505,0.6274369644209576,1.5593331229654497,35.29812069343505,41.92767087278967
4,2023/24,2024/25,Persistence,1143,18.488057425070327,13.7569263082259,24.72405056259733,0.24921015813875425,0.6290991289677098,-0.3653407392000317,42.97847294961353,51.74275434422277
4,2023/24,2024/25,Role-age-league mean,1143,24.40202986142625,23.78775565227503,28.304877235168107,0.015985058246640316,0.14763760936741996,0.5505144629384489,43.96070717750804,48.475902035922665
4,2023/24,2024/25,Linear regression,1143,17.20089860326012,14.968430970517758,21.198476020432803,0.44806438077001987,0.6685720127811978,0.9428364966524438,33.510530432434024,41.70657422862787
4,2023/24,2024/25,Ridge,1143,17.1927111443152,15.036946251504503,21.16546226250936,0.4497821721970009,0.6696508050350823,0.9060655322246108,33.51855330985594,41.76032510754497
4,2023/24,2024/25,ElasticNet,1143,17.215200927189414,15.175918291581446,21.15304486947455,0.450427588465552,0.6698455106272828,0.843968428832372,33.62901443670453,41.26680040052883
4,2023/24,2024/25,Random Forest,1143,16.97217305202014,14.495554817598775,21.163090108066953,0.44990549844492345,0.6647297817124258,0.9714134711825018,34.66019661845677,41.08862005730941
4,2023/24,2024/25,XGBoost,1143,16.972388156534098,14.183005006634374,21.14134387313678,0.4510354221138646,0.6684615250521474,1.3613478701706172,34.14434205325529,41.559972026641304
4,2023/24,2024/25,LightGBM,1143,17.021991112690888,14.134120580749794,21.118960623624602,0.4521972315506565,0.6695105879181764,1.5953524208730951,34.56382443924543,41.952270803947464
4,2023/24,2024/25,Mixed-effects (BLUP),1143,17.527209158611793,15.508170650922992,21.49799818551888,0.4323571320227313,0.6596667050341486,1.0313339685759653,34.285679826766454,41.294329395890976
