model,n,MAE,MedianAE,RMSE,R2,Spearman,Bias,P90_AE,P95_AE
XGBoost,4742,17.18906790480446,14.822802091644995,21.41582893920849,0.4412540866185718,0.6611894658727097,0.9725810014802263,34.7736943438407,41.73905610773314
LightGBM,4742,17.296303361746673,15.05045080842078,21.459885434899327,0.4389528254975693,0.658841509408119,1.0394045216422694,34.80231307476744,41.74025868568655
Random Forest,4742,17.347513502348452,14.987046940722987,21.54002248871378,0.4347547960683803,0.6545585085579093,0.7980203055256707,34.9729819383259,41.342861120808756
ElasticNet,4742,17.533480424839528,15.554902220143926,21.473132720886774,0.4382599376992359,0.660367462638565,1.1016609352563493,34.521869103998846,40.8385159039211
Ridge,4742,17.566253754928734,15.401773790204846,21.58081027236876,0.43261209380757726,0.6578615281790383,1.681791701705594,34.51519654157378,41.567757352787055
Linear regression,4742,17.575827477869765,15.355692553987371,21.621470936342444,0.4304720349048101,0.6572437943277305,1.9047466415057979,34.53004873393624,41.713087053426925
Mixed-effects (BLUP),4742,17.765869476240503,15.683614763797074,21.832743927655006,0.4192874345639548,0.6488640266646236,0.8158931773269034,35.10335762297661,41.76187115893795
Persistence,4742,18.9079609725022,14.61237618613264,24.984958647881164,0.23949538949238913,0.6170596408186876,-0.7003889377036356,42.52138037861343,52.171713985054595
Role-age-league mean,4742,24.493712260046024,24.00587837901679,28.55919246981208,0.006343156558015428,0.13864983022630945,0.587814757599433,44.41619708809366,48.98490757414195
