design,spec,fold,model,inner_val_mae,selected,alpha,n_estimators,max_depth,learning_rate
nested,1_current_plus_role,1,Ridge,17.093052007407994,True,0.1,,,
nested,1_current_plus_role,1,Ridge,17.09323296976892,False,0.3,,,
nested,1_current_plus_role,1,Ridge,17.093865479026377,False,1.0,,,
nested,1_current_plus_role,1,Ridge,17.095665410823266,False,3.0,,,
nested,1_current_plus_role,1,Ridge,17.101885323483778,False,10.0,,,
nested,1_current_plus_role,1,Ridge,17.119089586504785,False,30.0,,,
nested,1_current_plus_role,1,Ridge,17.178582565391203,False,100.0,,,
nested,1_current_plus_role,1,Ridge,17.347161205913896,False,300.0,,,
nested,1_current_plus_role,1,XGBoost,17.104433724800025,False,,200.0,2.0,0.03
nested,1_current_plus_role,1,XGBoost,17.09017407149363,False,,300.0,2.0,0.03
nested,1_current_plus_role,1,XGBoost,17.078873368922856,True,,200.0,3.0,0.03
nested,1_current_plus_role,1,XGBoost,17.149981435506344,False,,300.0,3.0,0.03
nested,1_current_plus_role,1,XGBoost,17.09429526840312,False,,200.0,2.0,0.05
nested,1_current_plus_role,1,XGBoost,17.235612338546872,False,,300.0,3.0,0.05
nested,1_current_plus_role,2,Ridge,17.737621783499602,True,0.1,,,
nested,1_current_plus_role,2,Ridge,17.73771736251633,False,0.3,,,
nested,1_current_plus_role,2,Ridge,17.73805149109398,False,1.0,,,
nested,1_current_plus_role,2,Ridge,17.739002771656036,False,3.0,,,
nested,1_current_plus_role,2,Ridge,17.742332531542182,False,10.0,,,
nested,1_current_plus_role,2,Ridge,17.751764930734964,False,30.0,,,
nested,1_current_plus_role,2,Ridge,17.78325689175094,False,100.0,,,
nested,1_current_plus_role,2,Ridge,17.86799462243378,False,300.0,,,
nested,1_current_plus_role,2,XGBoost,17.712263522768282,False,,200.0,2.0,0.03
nested,1_current_plus_role,2,XGBoost,17.666842098879545,False,,300.0,2.0,0.03
nested,1_current_plus_role,2,XGBoost,17.70207415324958,False,,200.0,3.0,0.03
nested,1_current_plus_role,2,XGBoost,17.706716454895478,False,,300.0,3.0,0.03
nested,1_current_plus_role,2,XGBoost,17.666288108055433,True,,200.0,2.0,0.05
nested,1_current_plus_role,2,XGBoost,17.76549652884297,False,,300.0,3.0,0.05
nested,1_current_plus_role,3,Ridge,18.709787744507956,True,0.1,,,
nested,1_current_plus_role,3,Ridge,18.709825606832972,False,0.3,,,
nested,1_current_plus_role,3,Ridge,18.70995811931098,False,1.0,,,
nested,1_current_plus_role,3,Ridge,18.710336677271936,False,3.0,,,
nested,1_current_plus_role,3,Ridge,18.7116630707157,False,10.0,,,
nested,1_current_plus_role,3,Ridge,18.715611407472412,False,30.0,,,
nested,1_current_plus_role,3,Ridge,18.729930227629374,False,100.0,,,
nested,1_current_plus_role,3,Ridge,18.77193756510376,False,300.0,,,
nested,1_current_plus_role,3,XGBoost,18.712965087153528,True,,200.0,2.0,0.03
nested,1_current_plus_role,3,XGBoost,18.714712334853886,False,,300.0,2.0,0.03
nested,1_current_plus_role,3,XGBoost,18.742643635365646,False,,200.0,3.0,0.03
nested,1_current_plus_role,3,XGBoost,18.758955668248174,False,,300.0,3.0,0.03
nested,1_current_plus_role,3,XGBoost,18.725963082958256,False,,200.0,2.0,0.05
nested,1_current_plus_role,3,XGBoost,18.83271706350737,False,,300.0,3.0,0.05
nested,1_current_plus_role,4,Ridge,18.810840956906173,True,0.1,,,
nested,1_current_plus_role,4,Ridge,18.8108808025813,False,0.3,,,
nested,1_current_plus_role,4,Ridge,18.811020215245552,False,1.0,,,
nested,1_current_plus_role,4,Ridge,18.81141813524339,False,3.0,,,
nested,1_current_plus_role,4,Ridge,18.812808950069574,False,10.0,,,
nested,1_current_plus_role,4,Ridge,18.816842581643062,False,30.0,,,
nested,1_current_plus_role,4,Ridge,18.830794470914288,False,100.0,,,
nested,1_current_plus_role,4,Ridge,18.869218265099647,False,300.0,,,
nested,1_current_plus_role,4,XGBoost,18.718610258980256,False,,200.0,2.0,0.03
nested,1_current_plus_role,4,XGBoost,18.69280344692916,False,,300.0,2.0,0.03
nested,1_current_plus_role,4,XGBoost,18.699898815370137,False,,200.0,3.0,0.03
nested,1_current_plus_role,4,XGBoost,18.69163352794909,False,,300.0,3.0,0.03
nested,1_current_plus_role,4,XGBoost,18.694354936054413,False,,200.0,2.0,0.05
nested,1_current_plus_role,4,XGBoost,18.684233586261204,True,,300.0,3.0,0.05
nested,2_add_trajectory,1,Ridge,16.996989345844383,True,0.1,,,
nested,2_add_trajectory,1,Ridge,16.99704903957736,False,0.3,,,
nested,2_add_trajectory,1,Ridge,16.997257485054718,False,1.0,,,
nested,2_add_trajectory,1,Ridge,16.997849064269438,False,3.0,,,
nested,2_add_trajectory,1,Ridge,16.999955076498612,False,10.0,,,
nested,2_add_trajectory,1,Ridge,17.006044006135085,False,30.0,,,
nested,2_add_trajectory,1,Ridge,17.029304232974386,False,100.0,,,
nested,2_add_trajectory,1,Ridge,17.11935937892142,False,300.0,,,
nested,2_add_trajectory,1,XGBoost,16.819322480045507,False,,200.0,2.0,0.03
nested,2_add_trajectory,1,XGBoost,16.786031220313923,True,,300.0,2.0,0.03
nested,2_add_trajectory,1,XGBoost,16.807702142849752,False,,200.0,3.0,0.03
nested,2_add_trajectory,1,XGBoost,16.802566493343218,False,,300.0,3.0,0.03
nested,2_add_trajectory,1,XGBoost,16.84774085116106,False,,200.0,2.0,0.05
nested,2_add_trajectory,1,XGBoost,16.988809594507586,False,,300.0,3.0,0.05
nested,2_add_trajectory,2,Ridge,17.037022616914975,True,0.1,,,
nested,2_add_trajectory,2,Ridge,17.037083165422906,False,0.3,,,
nested,2_add_trajectory,2,Ridge,17.037295025386783,False,1.0,,,
nested,2_add_trajectory,2,Ridge,17.037899835106945,False,3.0,,,
nested,2_add_trajectory,2,Ridge,17.040128353464254,False,10.0,,,
nested,2_add_trajectory,2,Ridge,17.046471849856022,False,30.0,,,
nested,2_add_trajectory,2,Ridge,17.068940758432664,False,100.0,,,
nested,2_add_trajectory,2,Ridge,17.133228163291303,False,300.0,,,
nested,2_add_trajectory,2,XGBoost,16.9283223711908,False,,200.0,2.0,0.03
nested,2_add_trajectory,2,XGBoost,16.89873463034648,False,,300.0,2.0,0.03
nested,2_add_trajectory,2,XGBoost,16.94397801977369,False,,200.0,3.0,0.03
nested,2_add_trajectory,2,XGBoost,16.987885967383253,False,,300.0,3.0,0.03
nested,2_add_trajectory,2,XGBoost,16.8866100653452,True,,200.0,2.0,0.05
nested,2_add_trajectory,2,XGBoost,17.06795087450657,False,,300.0,3.0,0.05
nested,2_add_trajectory,3,Ridge,18.232222899284064,True,0.1,,,
nested,2_add_trajectory,3,Ridge,18.232246932452167,False,0.3,,,
nested,2_add_trajectory,3,Ridge,18.232330887901163,False,1.0,,,
nested,2_add_trajectory,3,Ridge,18.23256940332652,False,3.0,,,
nested,2_add_trajectory,3,Ridge,18.233389106470444,False,10.0,,,
nested,2_add_trajectory,3,Ridge,18.23578790886509,False,30.0,,,
nested,2_add_trajectory,3,Ridge,18.24390007120293,False,100.0,,,
nested,2_add_trajectory,3,Ridge,18.26888427613435,False,300.0,,,
nested,2_add_trajectory,3,XGBoost,18.03972641535795,False,,200.0,2.0,0.03
nested,2_add_trajectory,3,XGBoost,18.023964553089098,True,,300.0,2.0,0.03
nested,2_add_trajectory,3,XGBoost,18.07078508406584,False,,200.0,3.0,0.03
nested,2_add_trajectory,3,XGBoost,18.11774650911531,False,,300.0,3.0,0.03
nested,2_add_trajectory,3,XGBoost,18.07151650126241,False,,200.0,2.0,0.05
nested,2_add_trajectory,3,XGBoost,18.238691246292383,False,,300.0,3.0,0.05
nested,2_add_trajectory,4,Ridge,18.091054685954752,True,0.1,,,
nested,2_add_trajectory,4,Ridge,18.091092297175567,False,0.3,,,
nested,2_add_trajectory,4,Ridge,18.091223833626742,False,1.0,,,
nested,2_add_trajectory,4,Ridge,18.09159877915907,False,3.0,,,
nested,2_add_trajectory,4,Ridge,18.092901223204844,False,10.0,,,
nested,2_add_trajectory,4,Ridge,18.096608442065268,False,30.0,,,
nested,2_add_trajectory,4,Ridge,18.109914139259857,False,100.0,,,
nested,2_add_trajectory,4,Ridge,18.14976736559614,False,300.0,,,
nested,2_add_trajectory,4,XGBoost,18.00742195687043,False,,200.0,2.0,0.03
nested,2_add_trajectory,4,XGBoost,17.945122780447026,False,,300.0,2.0,0.03
nested,2_add_trajectory,4,XGBoost,17.94138431256784,True,,200.0,3.0,0.03
nested,2_add_trajectory,4,XGBoost,17.972481411648747,False,,300.0,3.0,0.03
nested,2_add_trajectory,4,XGBoost,17.944157481058706,False,,200.0,2.0,0.05
nested,2_add_trajectory,4,XGBoost,18.045447613459935,False,,300.0,3.0,0.05
nested,3_add_age_exposure,1,Ridge,16.990014895726887,False,0.1,,,
nested,3_add_age_exposure,1,Ridge,16.98966156583013,False,0.3,,,
nested,3_add_age_exposure,1,Ridge,16.98855786486544,False,1.0,,,
nested,3_add_age_exposure,1,Ridge,16.986274943850958,False,3.0,,,
nested,3_add_age_exposure,1,Ridge,16.983913685488055,True,10.0,,,
nested,3_add_age_exposure,1,Ridge,16.988695857659092,False,30.0,,,
nested,3_add_age_exposure,1,Ridge,17.015594834556897,False,100.0,,,
nested,3_add_age_exposure,1,Ridge,17.09666279441551,False,300.0,,,
nested,3_add_age_exposure,1,XGBoost,16.826820571804287,False,,200.0,2.0,0.03
nested,3_add_age_exposure,1,XGBoost,16.78185058861389,True,,300.0,2.0,0.03
nested,3_add_age_exposure,1,XGBoost,16.862059625719183,False,,200.0,3.0,0.03
nested,3_add_age_exposure,1,XGBoost,16.89353318447719,False,,300.0,3.0,0.03
nested,3_add_age_exposure,1,XGBoost,16.819062959750177,False,,200.0,2.0,0.05
nested,3_add_age_exposure,1,XGBoost,17.0515781939999,False,,300.0,3.0,0.05
nested,3_add_age_exposure,2,Ridge,17.26310998666804,False,0.1,,,
nested,3_add_age_exposure,2,Ridge,17.261264084721713,False,0.3,,,
nested,3_add_age_exposure,2,Ridge,17.255081944428767,False,1.0,,,
nested,3_add_age_exposure,2,Ridge,17.238569186190123,False,3.0,,,
nested,3_add_age_exposure,2,Ridge,17.18963015680857,False,10.0,,,
nested,3_add_age_exposure,2,Ridge,17.104863322283755,False,30.0,,,
nested,3_add_age_exposure,2,Ridge,17.011841428451564,True,100.0,,,
nested,3_add_age_exposure,2,Ridge,17.018625795717128,False,300.0,,,
nested,3_add_age_exposure,2,XGBoost,16.829876822574818,False,,200.0,2.0,0.03
nested,3_add_age_exposure,2,XGBoost,16.659001434630518,False,,300.0,2.0,0.03
nested,3_add_age_exposure,2,XGBoost,16.6583022522495,False,,200.0,3.0,0.03
nested,3_add_age_exposure,2,XGBoost,16.589576076641755,True,,300.0,3.0,0.03
nested,3_add_age_exposure,2,XGBoost,16.626870053598605,False,,200.0,2.0,0.05
nested,3_add_age_exposure,2,XGBoost,16.60760802146715,False,,300.0,3.0,0.05
nested,3_add_age_exposure,3,Ridge,18.008681156207555,True,0.1,,,
nested,3_add_age_exposure,3,Ridge,18.00901436778935,False,0.3,,,
nested,3_add_age_exposure,3,Ridge,18.010161317118143,False,1.0,,,
nested,3_add_age_exposure,3,Ridge,18.013093046201252,False,3.0,,,
nested,3_add_age_exposure,3,Ridge,18.020792291130448,False,10.0,,,
nested,3_add_age_exposure,3,Ridge,18.033811700309517,False,30.0,,,
nested,3_add_age_exposure,3,Ridge,18.052337462045873,False,100.0,,,
nested,3_add_age_exposure,3,Ridge,18.080958484589527,False,300.0,,,
nested,3_add_age_exposure,3,XGBoost,17.901469621981224,False,,200.0,2.0,0.03
nested,3_add_age_exposure,3,XGBoost,17.816704311769836,False,,300.0,2.0,0.03
nested,3_add_age_exposure,3,XGBoost,17.75993945542946,False,,200.0,3.0,0.03
nested,3_add_age_exposure,3,XGBoost,17.734972132323243,True,,300.0,3.0,0.03
nested,3_add_age_exposure,3,XGBoost,17.76135398707538,False,,200.0,2.0,0.05
nested,3_add_age_exposure,3,XGBoost,17.76798942183993,False,,300.0,3.0,0.05
nested,3_add_age_exposure,4,Ridge,17.93837554878442,False,0.1,,,
nested,3_add_age_exposure,4,Ridge,17.938129766206508,False,0.3,,,
nested,3_add_age_exposure,4,Ridge,17.93728865137678,False,1.0,,,
nested,3_add_age_exposure,4,Ridge,17.935221609844714,False,3.0,,,
nested,3_add_age_exposure,4,Ridge,17.929874100482444,False,10.0,,,
nested,3_add_age_exposure,4,Ridge,17.924305330735038,True,30.0,,,
nested,3_add_age_exposure,4,Ridge,17.926279999511554,False,100.0,,,
nested,3_add_age_exposure,4,Ridge,17.95484965447878,False,300.0,,,
nested,3_add_age_exposure,4,XGBoost,17.86515656367583,False,,200.0,2.0,0.03
nested,3_add_age_exposure,4,XGBoost,17.720426016271254,False,,300.0,2.0,0.03
nested,3_add_age_exposure,4,XGBoost,17.746069521834485,False,,200.0,3.0,0.03
nested,3_add_age_exposure,4,XGBoost,17.694672039404406,True,,300.0,3.0,0.03
nested,3_add_age_exposure,4,XGBoost,17.729567747177835,False,,200.0,2.0,0.05
nested,3_add_age_exposure,4,XGBoost,17.724430042092216,False,,300.0,3.0,0.05
nested,4_add_context,1,Ridge,16.795100950511085,False,0.1,,,
nested,4_add_context,1,Ridge,16.79475182642625,False,0.3,,,
nested,4_add_context,1,Ridge,16.79381591519625,False,1.0,,,
nested,4_add_context,1,Ridge,16.792525298301502,True,3.0,,,
nested,4_add_context,1,Ridge,16.79297995526667,False,10.0,,,
nested,4_add_context,1,Ridge,16.804824673128966,False,30.0,,,
nested,4_add_context,1,Ridge,16.840081968086384,False,100.0,,,
nested,4_add_context,1,Ridge,16.924307297877608,False,300.0,,,
nested,4_add_context,1,XGBoost,16.708461074339333,False,,200.0,2.0,0.03
nested,4_add_context,1,XGBoost,16.639481496547457,False,,300.0,2.0,0.03
nested,4_add_context,1,XGBoost,16.58817500144275,False,,200.0,3.0,0.03
nested,4_add_context,1,XGBoost,16.586609276596555,True,,300.0,3.0,0.03
nested,4_add_context,1,XGBoost,16.646066822394644,False,,200.0,2.0,0.05
nested,4_add_context,1,XGBoost,16.724925081354428,False,,300.0,3.0,0.05
nested,4_add_context,2,Ridge,17.268334766104264,False,0.1,,,
nested,4_add_context,2,Ridge,17.26628731043098,False,0.3,,,
nested,4_add_context,2,Ridge,17.259350897208705,False,1.0,,,
nested,4_add_context,2,Ridge,17.240423204152297,False,3.0,,,
nested,4_add_context,2,Ridge,17.187255439595276,False,10.0,,,
nested,4_add_context,2,Ridge,17.103106419327702,False,30.0,,,
nested,4_add_context,2,Ridge,17.024927476181258,True,100.0,,,
nested,4_add_context,2,Ridge,17.04578958829862,False,300.0,,,
nested,4_add_context,2,XGBoost,16.948461180424022,False,,200.0,2.0,0.03
nested,4_add_context,2,XGBoost,16.763812640133867,False,,300.0,2.0,0.03
nested,4_add_context,2,XGBoost,16.738624739825053,False,,200.0,3.0,0.03
nested,4_add_context,2,XGBoost,16.628360352237046,True,,300.0,3.0,0.03
nested,4_add_context,2,XGBoost,16.80533836855033,False,,200.0,2.0,0.05
nested,4_add_context,2,XGBoost,16.64288080304957,False,,300.0,3.0,0.05
nested,4_add_context,3,Ridge,18.023355310745984,True,0.1,,,
nested,4_add_context,3,Ridge,18.023687075974767,False,0.3,,,
nested,4_add_context,3,Ridge,18.02483042214193,False,1.0,,,
nested,4_add_context,3,Ridge,18.02781098841614,False,3.0,,,
nested,4_add_context,3,Ridge,18.035974309582404,False,10.0,,,
nested,4_add_context,3,Ridge,18.050444784875367,False,30.0,,,
nested,4_add_context,3,Ridge,18.072415730423412,False,100.0,,,
nested,4_add_context,3,Ridge,18.11012259488749,False,300.0,,,
nested,4_add_context,3,XGBoost,17.912673105235754,False,,200.0,2.0,0.03
nested,4_add_context,3,XGBoost,17.78753239309862,False,,300.0,2.0,0.03
nested,4_add_context,3,XGBoost,17.805607395530014,False,,200.0,3.0,0.03
nested,4_add_context,3,XGBoost,17.73913955959531,True,,300.0,3.0,0.03
nested,4_add_context,3,XGBoost,17.740117748118784,False,,200.0,2.0,0.05
nested,4_add_context,3,XGBoost,17.76061092799102,False,,300.0,3.0,0.05
nested,4_add_context,4,Ridge,17.967010637053267,False,0.1,,,
nested,4_add_context,4,Ridge,17.966666132884935,False,0.3,,,
nested,4_add_context,4,Ridge,17.965481972019397,False,1.0,,,
nested,4_add_context,4,Ridge,17.96240000972336,False,3.0,,,
nested,4_add_context,4,Ridge,17.954088149645433,False,10.0,,,
nested,4_add_context,4,Ridge,17.94093488403899,False,30.0,,,
nested,4_add_context,4,Ridge,17.929988027947683,True,100.0,,,
nested,4_add_context,4,Ridge,17.94320775716812,False,300.0,,,
nested,4_add_context,4,XGBoost,17.894776640900552,False,,200.0,2.0,0.03
nested,4_add_context,4,XGBoost,17.75474188780553,False,,300.0,2.0,0.03
nested,4_add_context,4,XGBoost,17.71925415324181,False,,200.0,3.0,0.03
nested,4_add_context,4,XGBoost,17.68022285942698,True,,300.0,3.0,0.03
nested,4_add_context,4,XGBoost,17.710371883878974,False,,200.0,2.0,0.05
nested,4_add_context,4,XGBoost,17.690559237003463,False,,300.0,3.0,0.05
nested,5_full_add_role_output,1,Ridge,16.807382351665684,False,0.1,,,
nested,5_full_add_role_output,1,Ridge,16.80676943414709,False,0.3,,,
nested,5_full_add_role_output,1,Ridge,16.804836396491623,False,1.0,,,
nested,5_full_add_role_output,1,Ridge,16.801604125427975,False,3.0,,,
nested,5_full_add_role_output,1,Ridge,16.80010632242982,True,10.0,,,
nested,5_full_add_role_output,1,Ridge,16.81030133945755,False,30.0,,,
nested,5_full_add_role_output,1,Ridge,16.853293065076606,False,100.0,,,
nested,5_full_add_role_output,1,Ridge,16.967297070051263,False,300.0,,,
nested,5_full_add_role_output,1,XGBoost,16.706022476581115,False,,200.0,2.0,0.03
nested,5_full_add_role_output,1,XGBoost,16.662017219090995,False,,300.0,2.0,0.03
nested,5_full_add_role_output,1,XGBoost,16.571957380219065,False,,200.0,3.0,0.03
nested,5_full_add_role_output,1,XGBoost,16.579196247287946,False,,300.0,3.0,0.03
nested,5_full_add_role_output,1,XGBoost,16.590667335730092,False,,200.0,2.0,0.05
nested,5_full_add_role_output,1,XGBoost,16.56706210618014,True,,300.0,3.0,0.05
nested,5_full_add_role_output,2,Ridge,17.1629389538543,False,0.1,,,
nested,5_full_add_role_output,2,Ridge,17.160661958058554,False,0.3,,,
nested,5_full_add_role_output,2,Ridge,17.152825419171226,False,1.0,,,
nested,5_full_add_role_output,2,Ridge,17.132213283539517,False,3.0,,,
nested,5_full_add_role_output,2,Ridge,17.076100228675433,False,10.0,,,
nested,5_full_add_role_output,2,Ridge,16.986494611387897,False,30.0,,,
nested,5_full_add_role_output,2,Ridge,16.913204283240557,True,100.0,,,
nested,5_full_add_role_output,2,Ridge,16.943465755228186,False,300.0,,,
nested,5_full_add_role_output,2,XGBoost,16.84816702676517,False,,200.0,2.0,0.03
nested,5_full_add_role_output,2,XGBoost,16.673580383381307,False,,300.0,2.0,0.03
nested,5_full_add_role_output,2,XGBoost,16.63158430612178,False,,200.0,3.0,0.03
nested,5_full_add_role_output,2,XGBoost,16.53180483610023,False,,300.0,3.0,0.03
nested,5_full_add_role_output,2,XGBoost,16.623939537252063,False,,200.0,2.0,0.05
nested,5_full_add_role_output,2,XGBoost,16.505178778977335,True,,300.0,3.0,0.05
nested,5_full_add_role_output,3,Ridge,17.991993643228987,True,0.1,,,
nested,5_full_add_role_output,3,Ridge,17.992409140517964,False,0.3,,,
nested,5_full_add_role_output,3,Ridge,17.99381215206012,False,1.0,,,
nested,5_full_add_role_output,3,Ridge,17.99743208704511,False,3.0,,,
nested,5_full_add_role_output,3,Ridge,18.006941838494768,False,10.0,,,
nested,5_full_add_role_output,3,Ridge,18.022141605006272,False,30.0,,,
nested,5_full_add_role_output,3,Ridge,18.050744017755104,False,100.0,,,
nested,5_full_add_role_output,3,Ridge,18.10129649627266,False,300.0,,,
nested,5_full_add_role_output,3,XGBoost,17.898334094224257,False,,200.0,2.0,0.03
nested,5_full_add_role_output,3,XGBoost,17.77690609170626,False,,300.0,2.0,0.03
nested,5_full_add_role_output,3,XGBoost,17.708183434424463,False,,200.0,3.0,0.03
nested,5_full_add_role_output,3,XGBoost,17.61979270449616,True,,300.0,3.0,0.03
nested,5_full_add_role_output,3,XGBoost,17.769100818235106,False,,200.0,2.0,0.05
nested,5_full_add_role_output,3,XGBoost,17.64550542351906,False,,300.0,3.0,0.05
nested,5_full_add_role_output,4,Ridge,17.93663030282986,False,0.1,,,
nested,5_full_add_role_output,4,Ridge,17.936367432960964,False,0.3,,,
nested,5_full_add_role_output,4,Ridge,17.93546265601468,False,1.0,,,
nested,5_full_add_role_output,4,Ridge,17.93304627332514,False,3.0,,,
nested,5_full_add_role_output,4,Ridge,17.926331660789668,False,10.0,,,
nested,5_full_add_role_output,4,Ridge,17.916443920685317,False,30.0,,,
nested,5_full_add_role_output,4,Ridge,17.9076446427072,True,100.0,,,
nested,5_full_add_role_output,4,Ridge,17.927778928879775,False,300.0,,,
nested,5_full_add_role_output,4,XGBoost,17.841717457236733,False,,200.0,2.0,0.03
nested,5_full_add_role_output,4,XGBoost,17.708334745687583,False,,300.0,2.0,0.03
nested,5_full_add_role_output,4,XGBoost,17.67661352564464,False,,200.0,3.0,0.03
nested,5_full_add_role_output,4,XGBoost,17.63457215949526,True,,300.0,3.0,0.03
nested,5_full_add_role_output,4,XGBoost,17.70174839356139,False,,200.0,2.0,0.05
nested,5_full_add_role_output,4,XGBoost,17.673890788219797,False,,300.0,3.0,0.05
leave_one_out,full,1,Ridge,16.807382351665684,False,0.1,,,
leave_one_out,full,1,Ridge,16.80676943414709,False,0.3,,,
leave_one_out,full,1,Ridge,16.804836396491623,False,1.0,,,
leave_one_out,full,1,Ridge,16.801604125427975,False,3.0,,,
leave_one_out,full,1,Ridge,16.80010632242982,True,10.0,,,
leave_one_out,full,1,Ridge,16.81030133945755,False,30.0,,,
leave_one_out,full,1,Ridge,16.853293065076606,False,100.0,,,
leave_one_out,full,1,Ridge,16.967297070051263,False,300.0,,,
leave_one_out,full,1,XGBoost,16.706022476581115,False,,200.0,2.0,0.03
leave_one_out,full,1,XGBoost,16.662017219090995,False,,300.0,2.0,0.03
leave_one_out,full,1,XGBoost,16.571957380219065,False,,200.0,3.0,0.03
leave_one_out,full,1,XGBoost,16.579196247287946,False,,300.0,3.0,0.03
leave_one_out,full,1,XGBoost,16.590667335730092,False,,200.0,2.0,0.05
leave_one_out,full,1,XGBoost,16.56706210618014,True,,300.0,3.0,0.05
leave_one_out,full,2,Ridge,17.1629389538543,False,0.1,,,
leave_one_out,full,2,Ridge,17.160661958058554,False,0.3,,,
leave_one_out,full,2,Ridge,17.152825419171226,False,1.0,,,
leave_one_out,full,2,Ridge,17.132213283539517,False,3.0,,,
leave_one_out,full,2,Ridge,17.076100228675433,False,10.0,,,
leave_one_out,full,2,Ridge,16.986494611387897,False,30.0,,,
leave_one_out,full,2,Ridge,16.913204283240557,True,100.0,,,
leave_one_out,full,2,Ridge,16.943465755228186,False,300.0,,,
leave_one_out,full,2,XGBoost,16.84816702676517,False,,200.0,2.0,0.03
leave_one_out,full,2,XGBoost,16.673580383381307,False,,300.0,2.0,0.03
leave_one_out,full,2,XGBoost,16.63158430612178,False,,200.0,3.0,0.03
leave_one_out,full,2,XGBoost,16.53180483610023,False,,300.0,3.0,0.03
leave_one_out,full,2,XGBoost,16.623939537252063,False,,200.0,2.0,0.05
leave_one_out,full,2,XGBoost,16.505178778977335,True,,300.0,3.0,0.05
leave_one_out,full,3,Ridge,17.991993643228987,True,0.1,,,
leave_one_out,full,3,Ridge,17.992409140517964,False,0.3,,,
leave_one_out,full,3,Ridge,17.99381215206012,False,1.0,,,
leave_one_out,full,3,Ridge,17.99743208704511,False,3.0,,,
leave_one_out,full,3,Ridge,18.006941838494768,False,10.0,,,
leave_one_out,full,3,Ridge,18.022141605006272,False,30.0,,,
leave_one_out,full,3,Ridge,18.050744017755104,False,100.0,,,
leave_one_out,full,3,Ridge,18.10129649627266,False,300.0,,,
leave_one_out,full,3,XGBoost,17.898334094224257,False,,200.0,2.0,0.03
leave_one_out,full,3,XGBoost,17.77690609170626,False,,300.0,2.0,0.03
leave_one_out,full,3,XGBoost,17.708183434424463,False,,200.0,3.0,0.03
leave_one_out,full,3,XGBoost,17.61979270449616,True,,300.0,3.0,0.03
leave_one_out,full,3,XGBoost,17.769100818235106,False,,200.0,2.0,0.05
leave_one_out,full,3,XGBoost,17.64550542351906,False,,300.0,3.0,0.05
leave_one_out,full,4,Ridge,17.93663030282986,False,0.1,,,
leave_one_out,full,4,Ridge,17.936367432960964,False,0.3,,,
leave_one_out,full,4,Ridge,17.93546265601468,False,1.0,,,
leave_one_out,full,4,Ridge,17.93304627332514,False,3.0,,,
leave_one_out,full,4,Ridge,17.926331660789668,False,10.0,,,
leave_one_out,full,4,Ridge,17.916443920685317,False,30.0,,,
leave_one_out,full,4,Ridge,17.9076446427072,True,100.0,,,
leave_one_out,full,4,Ridge,17.927778928879775,False,300.0,,,
leave_one_out,full,4,XGBoost,17.841717457236733,False,,200.0,2.0,0.03
leave_one_out,full,4,XGBoost,17.708334745687583,False,,300.0,2.0,0.03
leave_one_out,full,4,XGBoost,17.67661352564464,False,,200.0,3.0,0.03
leave_one_out,full,4,XGBoost,17.63457215949526,True,,300.0,3.0,0.03
leave_one_out,full,4,XGBoost,17.70174839356139,False,,200.0,2.0,0.05
leave_one_out,full,4,XGBoost,17.673890788219797,False,,300.0,3.0,0.05
leave_one_out,without_current_performance,1,Ridge,17.89932567033225,False,0.1,,,
leave_one_out,without_current_performance,1,Ridge,17.898693880979465,False,0.3,,,
leave_one_out,without_current_performance,1,Ridge,17.896724864295827,False,1.0,,,
leave_one_out,without_current_performance,1,Ridge,17.89363656962696,False,3.0,,,
leave_one_out,without_current_performance,1,Ridge,17.89250465590713,True,10.0,,,
leave_one_out,without_current_performance,1,Ridge,17.90540669202683,False,30.0,,,
leave_one_out,without_current_performance,1,Ridge,17.96811534845542,False,100.0,,,
leave_one_out,without_current_performance,1,Ridge,18.126849297567386,False,300.0,,,
leave_one_out,without_current_performance,1,XGBoost,17.772161005556207,False,,200.0,2.0,0.03
leave_one_out,without_current_performance,1,XGBoost,17.326200508946123,False,,300.0,2.0,0.03
leave_one_out,without_current_performance,1,XGBoost,17.18519572571434,False,,200.0,3.0,0.03
leave_one_out,without_current_performance,1,XGBoost,17.031797112071555,True,,300.0,3.0,0.03
leave_one_out,without_current_performance,1,XGBoost,17.138879499268434,False,,200.0,2.0,0.05
leave_one_out,without_current_performance,1,XGBoost,17.103017677136652,False,,300.0,3.0,0.05
leave_one_out,without_current_performance,2,Ridge,18.24472278535625,False,0.1,,,
leave_one_out,without_current_performance,2,Ridge,18.243172125925597,False,0.3,,,
leave_one_out,without_current_performance,2,Ridge,18.237826508076743,False,1.0,,,
leave_one_out,without_current_performance,2,Ridge,18.22371840495367,False,3.0,,,
leave_one_out,without_current_performance,2,Ridge,18.183159542137687,False,10.0,,,
leave_one_out,without_current_performance,2,Ridge,18.10953170857806,False,30.0,,,
leave_one_out,without_current_performance,2,Ridge,18.010948143871666,True,100.0,,,
leave_one_out,without_current_performance,2,Ridge,18.029328578150427,False,300.0,,,
leave_one_out,without_current_performance,2,XGBoost,17.821606508390314,False,,200.0,2.0,0.03
leave_one_out,without_current_performance,2,XGBoost,17.452134221986075,False,,300.0,2.0,0.03
leave_one_out,without_current_performance,2,XGBoost,17.372377099144238,False,,200.0,3.0,0.03
leave_one_out,without_current_performance,2,XGBoost,17.1147517365467,False,,300.0,3.0,0.03
leave_one_out,without_current_performance,2,XGBoost,17.37957658509291,False,,200.0,2.0,0.05
leave_one_out,without_current_performance,2,XGBoost,16.989403737050765,True,,300.0,3.0,0.05
leave_one_out,without_current_performance,3,Ridge,18.812527314244345,True,0.1,,,
leave_one_out,without_current_performance,3,Ridge,18.813029571059804,False,0.3,,,
leave_one_out,without_current_performance,3,Ridge,18.814797728725356,False,1.0,,,
leave_one_out,without_current_performance,3,Ridge,18.819566400920323,False,3.0,,,
leave_one_out,without_current_performance,3,Ridge,18.83308086174085,False,10.0,,,
leave_one_out,without_current_performance,3,Ridge,18.8578412746901,False,30.0,,,
leave_one_out,without_current_performance,3,Ridge,18.883586289074525,False,100.0,,,
leave_one_out,without_current_performance,3,Ridge,18.909579284567346,False,300.0,,,
leave_one_out,without_current_performance,3,XGBoost,18.785515622755707,False,,200.0,2.0,0.03
leave_one_out,without_current_performance,3,XGBoost,18.562621674358876,False,,300.0,2.0,0.03
leave_one_out,without_current_performance,3,XGBoost,18.44065270207155,False,,200.0,3.0,0.03
leave_one_out,without_current_performance,3,XGBoost,18.258583835362444,False,,300.0,3.0,0.03
leave_one_out,without_current_performance,3,XGBoost,18.478037403273216,False,,200.0,2.0,0.05
leave_one_out,without_current_performance,3,XGBoost,18.226309130637883,True,,300.0,3.0,0.05
leave_one_out,without_current_performance,4,Ridge,18.837977663739498,False,0.1,,,
leave_one_out,without_current_performance,4,Ridge,18.83768355994474,False,0.3,,,
leave_one_out,without_current_performance,4,Ridge,18.83666758369528,False,1.0,,,
leave_one_out,without_current_performance,4,Ridge,18.834180596072102,False,3.0,,,
leave_one_out,without_current_performance,4,Ridge,18.827222225998646,False,10.0,,,
leave_one_out,without_current_performance,4,Ridge,18.81878010756955,False,30.0,,,
leave_one_out,without_current_performance,4,Ridge,18.810989519338257,True,100.0,,,
leave_one_out,without_current_performance,4,Ridge,18.83106482842002,False,300.0,,,
leave_one_out,without_current_performance,4,XGBoost,18.882312336215413,False,,200.0,2.0,0.03
leave_one_out,without_current_performance,4,XGBoost,18.524464318626183,False,,300.0,2.0,0.03
leave_one_out,without_current_performance,4,XGBoost,18.38987669729413,False,,200.0,3.0,0.03
leave_one_out,without_current_performance,4,XGBoost,18.16522634040859,True,,300.0,3.0,0.03
leave_one_out,without_current_performance,4,XGBoost,18.48761731186613,False,,200.0,2.0,0.05
leave_one_out,without_current_performance,4,XGBoost,18.168765185027603,False,,300.0,3.0,0.05
leave_one_out,without_trajectory_history,1,Ridge,16.925305407570015,False,0.1,,,
leave_one_out,without_trajectory_history,1,Ridge,16.924523675226027,False,0.3,,,
leave_one_out,without_trajectory_history,1,Ridge,16.922504951679553,False,1.0,,,
leave_one_out,without_trajectory_history,1,Ridge,16.918971099270955,False,3.0,,,
leave_one_out,without_trajectory_history,1,Ridge,16.918908543577405,True,10.0,,,
leave_one_out,without_trajectory_history,1,Ridge,16.93797865454258,False,30.0,,,
leave_one_out,without_trajectory_history,1,Ridge,17.013670357217308,False,100.0,,,
leave_one_out,without_trajectory_history,1,Ridge,17.185875150939033,False,300.0,,,
leave_one_out,without_trajectory_history,1,XGBoost,16.95775734572999,False,,200.0,2.0,0.03
leave_one_out,without_trajectory_history,1,XGBoost,16.937747171391784,False,,300.0,2.0,0.03
leave_one_out,without_trajectory_history,1,XGBoost,16.910546151774895,False,,200.0,3.0,0.03
leave_one_out,without_trajectory_history,1,XGBoost,16.905335222496443,True,,300.0,3.0,0.03
leave_one_out,without_trajectory_history,1,XGBoost,16.91284835456107,False,,200.0,2.0,0.05
leave_one_out,without_trajectory_history,1,XGBoost,17.05269526748662,False,,300.0,3.0,0.05
leave_one_out,without_trajectory_history,2,Ridge,17.262603645891943,True,0.1,,,
leave_one_out,without_trajectory_history,2,Ridge,17.26276293069132,False,0.3,,,
leave_one_out,without_trajectory_history,2,Ridge,17.263335694022075,False,1.0,,,
leave_one_out,without_trajectory_history,2,Ridge,17.265356864957262,False,3.0,,,
leave_one_out,without_trajectory_history,2,Ridge,17.273802404427443,False,10.0,,,
leave_one_out,without_trajectory_history,2,Ridge,17.299030675519223,False,30.0,,,
leave_one_out,without_trajectory_history,2,Ridge,17.35966459962963,False,100.0,,,
leave_one_out,without_trajectory_history,2,Ridge,17.47870891637746,False,300.0,,,
leave_one_out,without_trajectory_history,2,XGBoost,17.37306641634763,False,,200.0,2.0,0.03
leave_one_out,without_trajectory_history,2,XGBoost,17.287318937184203,False,,300.0,2.0,0.03
leave_one_out,without_trajectory_history,2,XGBoost,17.23297151814625,False,,200.0,3.0,0.03
leave_one_out,without_trajectory_history,2,XGBoost,17.151220119008123,False,,300.0,3.0,0.03
leave_one_out,without_trajectory_history,2,XGBoost,17.244026972497558,False,,200.0,2.0,0.05
leave_one_out,without_trajectory_history,2,XGBoost,17.065513622948927,True,,300.0,3.0,0.05
leave_one_out,without_trajectory_history,3,Ridge,18.419019950788286,True,0.1,,,
leave_one_out,without_trajectory_history,3,Ridge,18.419415662361676,False,0.3,,,
leave_one_out,without_trajectory_history,3,Ridge,18.420756763777053,False,1.0,,,
leave_one_out,without_trajectory_history,3,Ridge,18.424252151402783,False,3.0,,,
leave_one_out,without_trajectory_history,3,Ridge,18.43387517867794,False,10.0,,,
leave_one_out,without_trajectory_history,3,Ridge,18.450461621243775,False,30.0,,,
leave_one_out,without_trajectory_history,3,Ridge,18.473826661111957,False,100.0,,,
leave_one_out,without_trajectory_history,3,Ridge,18.512871022276382,False,300.0,,,
leave_one_out,without_trajectory_history,3,XGBoost,18.418668055809334,False,,200.0,2.0,0.03
leave_one_out,without_trajectory_history,3,XGBoost,18.337851866968617,False,,300.0,2.0,0.03
leave_one_out,without_trajectory_history,3,XGBoost,18.260849337123105,False,,200.0,3.0,0.03
leave_one_out,without_trajectory_history,3,XGBoost,18.209739301726543,True,,300.0,3.0,0.03
leave_one_out,without_trajectory_history,3,XGBoost,18.303531422110822,False,,200.0,2.0,0.05
leave_one_out,without_trajectory_history,3,XGBoost,18.27715360166242,False,,300.0,3.0,0.05
leave_one_out,without_trajectory_history,4,Ridge,18.37366758010258,False,0.1,,,
leave_one_out,without_trajectory_history,4,Ridge,18.373413264023892,False,0.3,,,
leave_one_out,without_trajectory_history,4,Ridge,18.372561779108896,False,1.0,,,
leave_one_out,without_trajectory_history,4,Ridge,18.370537287697633,False,3.0,,,
leave_one_out,without_trajectory_history,4,Ridge,18.3664201456378,False,10.0,,,
leave_one_out,without_trajectory_history,4,Ridge,18.36361639693613,True,30.0,,,
leave_one_out,without_trajectory_history,4,Ridge,18.378875535022228,False,100.0,,,
leave_one_out,without_trajectory_history,4,Ridge,18.43931598686884,False,300.0,,,
leave_one_out,without_trajectory_history,4,XGBoost,18.449852335753672,False,,200.0,2.0,0.03
leave_one_out,without_trajectory_history,4,XGBoost,18.34159879676304,False,,300.0,2.0,0.03
leave_one_out,without_trajectory_history,4,XGBoost,18.3120493750757,False,,200.0,3.0,0.03
leave_one_out,without_trajectory_history,4,XGBoost,18.259780387188737,False,,300.0,3.0,0.03
leave_one_out,without_trajectory_history,4,XGBoost,18.259688484680034,True,,200.0,2.0,0.05
leave_one_out,without_trajectory_history,4,XGBoost,18.27883586518192,False,,300.0,3.0,0.05
leave_one_out,without_age_exposure,1,Ridge,16.882195128699237,True,0.1,,,
leave_one_out,without_age_exposure,1,Ridge,16.88220622400427,False,0.3,,,
leave_one_out,without_age_exposure,1,Ridge,16.882246888368492,False,1.0,,,
leave_one_out,without_age_exposure,1,Ridge,16.882378036673238,False,3.0,,,
leave_one_out,without_age_exposure,1,Ridge,16.883097740936304,False,10.0,,,
leave_one_out,without_age_exposure,1,Ridge,16.886961182399578,False,30.0,,,
leave_one_out,without_age_exposure,1,Ridge,16.91271259044775,False,100.0,,,
leave_one_out,without_age_exposure,1,Ridge,17.025993745246584,False,300.0,,,
leave_one_out,without_age_exposure,1,XGBoost,16.7326166991837,False,,200.0,2.0,0.03
leave_one_out,without_age_exposure,1,XGBoost,16.720492787624643,False,,300.0,2.0,0.03
leave_one_out,without_age_exposure,1,XGBoost,16.679153711479707,False,,200.0,3.0,0.03
leave_one_out,without_age_exposure,1,XGBoost,16.692296539449938,False,,300.0,3.0,0.03
leave_one_out,without_age_exposure,1,XGBoost,16.66003045915698,True,,200.0,2.0,0.05
leave_one_out,without_age_exposure,1,XGBoost,16.908106894945803,False,,300.0,3.0,0.05
leave_one_out,without_age_exposure,2,Ridge,17.03705831358835,False,0.1,,,
leave_one_out,without_age_exposure,2,Ridge,17.03646904507536,False,0.3,,,
leave_one_out,without_age_exposure,2,Ridge,17.03445175372766,False,1.0,,,
leave_one_out,without_age_exposure,2,Ridge,17.029065739196223,False,3.0,,,
leave_one_out,without_age_exposure,2,Ridge,17.01314379162723,False,10.0,,,
leave_one_out,without_age_exposure,2,Ridge,16.98453584604426,False,30.0,,,
leave_one_out,without_age_exposure,2,Ridge,16.966677537522948,True,100.0,,,
leave_one_out,without_age_exposure,2,Ridge,17.019788462517152,False,300.0,,,
leave_one_out,without_age_exposure,2,XGBoost,16.8569303002403,False,,200.0,2.0,0.03
leave_one_out,without_age_exposure,2,XGBoost,16.717140093457754,False,,300.0,2.0,0.03
leave_one_out,without_age_exposure,2,XGBoost,16.74209622946605,False,,200.0,3.0,0.03
leave_one_out,without_age_exposure,2,XGBoost,16.628497394378417,True,,300.0,3.0,0.03
leave_one_out,without_age_exposure,2,XGBoost,16.699585438065853,False,,200.0,2.0,0.05
leave_one_out,without_age_exposure,2,XGBoost,16.68305636661984,False,,300.0,3.0,0.05
leave_one_out,without_age_exposure,3,Ridge,18.185961760621698,True,0.1,,,
leave_one_out,without_age_exposure,3,Ridge,18.18601847023558,False,0.3,,,
leave_one_out,without_age_exposure,3,Ridge,18.186216403474774,False,1.0,,,
leave_one_out,without_age_exposure,3,Ridge,18.186777302098676,False,3.0,,,
leave_one_out,without_age_exposure,3,Ridge,18.188704243199584,False,10.0,,,
leave_one_out,without_age_exposure,3,Ridge,18.194228672530908,False,30.0,,,
leave_one_out,without_age_exposure,3,Ridge,18.213177551093306,False,100.0,,,
leave_one_out,without_age_exposure,3,Ridge,18.265905984727347,False,300.0,,,
leave_one_out,without_age_exposure,3,XGBoost,17.967038278528833,False,,200.0,2.0,0.03
leave_one_out,without_age_exposure,3,XGBoost,17.86594906089653,False,,300.0,2.0,0.03
leave_one_out,without_age_exposure,3,XGBoost,17.865965169288547,False,,200.0,3.0,0.03
leave_one_out,without_age_exposure,3,XGBoost,17.798479277581723,True,,300.0,3.0,0.03
leave_one_out,without_age_exposure,3,XGBoost,17.86008322697442,False,,200.0,2.0,0.05
leave_one_out,without_age_exposure,3,XGBoost,17.813985430534157,False,,300.0,3.0,0.05
leave_one_out,without_age_exposure,4,Ridge,17.96504679720047,True,0.1,,,
leave_one_out,without_age_exposure,4,Ridge,17.965069068846418,False,0.3,,,
leave_one_out,without_age_exposure,4,Ridge,17.965147152029548,False,1.0,,,
leave_one_out,without_age_exposure,4,Ridge,17.965371364984055,False,3.0,,,
leave_one_out,without_age_exposure,4,Ridge,17.96616851767315,False,10.0,,,
leave_one_out,without_age_exposure,4,Ridge,17.968661049979833,False,30.0,,,
leave_one_out,without_age_exposure,4,Ridge,17.97919759963896,False,100.0,,,
leave_one_out,without_age_exposure,4,Ridge,18.021857728297825,False,300.0,,,
leave_one_out,without_age_exposure,4,XGBoost,17.913981529570446,False,,200.0,2.0,0.03
leave_one_out,without_age_exposure,4,XGBoost,17.824054548373237,False,,300.0,2.0,0.03
leave_one_out,without_age_exposure,4,XGBoost,17.798425778725317,False,,200.0,3.0,0.03
leave_one_out,without_age_exposure,4,XGBoost,17.746879495667176,True,,300.0,3.0,0.03
leave_one_out,without_age_exposure,4,XGBoost,17.810338871606582,False,,200.0,2.0,0.05
leave_one_out,without_age_exposure,4,XGBoost,17.763596712555604,False,,300.0,3.0,0.05
leave_one_out,without_role,1,Ridge,16.809603846325373,False,0.1,,,
leave_one_out,without_role,1,Ridge,16.809050279546188,False,0.3,,,
leave_one_out,without_role,1,Ridge,16.80730014539045,False,1.0,,,
leave_one_out,without_role,1,Ridge,16.80390889983576,False,3.0,,,
leave_one_out,without_role,1,Ridge,16.802369731849804,True,10.0,,,
leave_one_out,without_role,1,Ridge,16.809401836707416,False,30.0,,,
leave_one_out,without_role,1,Ridge,16.84434629923408,False,100.0,,,
leave_one_out,without_role,1,Ridge,16.95987910548175,False,300.0,,,
leave_one_out,without_role,1,XGBoost,16.729070404271468,False,,200.0,2.0,0.03
leave_one_out,without_role,1,XGBoost,16.65444266939057,False,,300.0,2.0,0.03
leave_one_out,without_role,1,XGBoost,16.60200759219711,False,,200.0,3.0,0.03
leave_one_out,without_role,1,XGBoost,16.599057105331724,True,,300.0,3.0,0.03
leave_one_out,without_role,1,XGBoost,16.66470892724107,False,,200.0,2.0,0.05
leave_one_out,without_role,1,XGBoost,16.648332367784793,False,,300.0,3.0,0.05
leave_one_out,without_role,2,Ridge,17.175000461632838,False,0.1,,,
leave_one_out,without_role,2,Ridge,17.17294521550108,False,0.3,,,
leave_one_out,without_role,2,Ridge,17.165877842539622,False,1.0,,,
leave_one_out,without_role,2,Ridge,17.147019190060128,False,3.0,,,
leave_one_out,without_role,2,Ridge,17.096868826741858,False,10.0,,,
leave_one_out,without_role,2,Ridge,17.021515787094252,False,30.0,,,
leave_one_out,without_role,2,Ridge,16.964428053610696,True,100.0,,,
leave_one_out,without_role,2,Ridge,17.010249557038684,False,300.0,,,
leave_one_out,without_role,2,XGBoost,16.803726724158267,False,,200.0,2.0,0.03
leave_one_out,without_role,2,XGBoost,16.633376357147412,False,,300.0,2.0,0.03
leave_one_out,without_role,2,XGBoost,16.689537882481126,False,,200.0,3.0,0.03
leave_one_out,without_role,2,XGBoost,16.574159826003132,False,,300.0,3.0,0.03
leave_one_out,without_role,2,XGBoost,16.697900538276954,False,,200.0,2.0,0.05
leave_one_out,without_role,2,XGBoost,16.50271420689107,True,,300.0,3.0,0.05
leave_one_out,without_role,3,Ridge,18.002579732960285,True,0.1,,,
leave_one_out,without_role,3,Ridge,18.002939249627172,False,0.3,,,
leave_one_out,without_role,3,Ridge,18.004154314200854,False,1.0,,,
leave_one_out,without_role,3,Ridge,18.007408230316948,False,3.0,,,
leave_one_out,without_role,3,Ridge,18.016784336411153,False,10.0,,,
leave_one_out,without_role,3,Ridge,18.03414773212105,False,30.0,,,
leave_one_out,without_role,3,Ridge,18.066806110161195,False,100.0,,,
leave_one_out,without_role,3,Ridge,18.12479963102578,False,300.0,,,
leave_one_out,without_role,3,XGBoost,17.900014091942815,False,,200.0,2.0,0.03
leave_one_out,without_role,3,XGBoost,17.79540544039734,False,,300.0,2.0,0.03
leave_one_out,without_role,3,XGBoost,17.70225079775578,False,,200.0,3.0,0.03
leave_one_out,without_role,3,XGBoost,17.62533303732646,True,,300.0,3.0,0.03
leave_one_out,without_role,3,XGBoost,17.72389859381838,False,,200.0,2.0,0.05
leave_one_out,without_role,3,XGBoost,17.630880217518595,False,,300.0,3.0,0.05
leave_one_out,without_role,4,Ridge,17.959014816605098,False,0.1,,,
leave_one_out,without_role,4,Ridge,17.95874433129081,False,0.3,,,
leave_one_out,without_role,4,Ridge,17.957811465706662,False,1.0,,,
leave_one_out,without_role,4,Ridge,17.955259639706195,False,3.0,,,
leave_one_out,without_role,4,Ridge,17.948059720333546,False,10.0,,,
leave_one_out,without_role,4,Ridge,17.93904711704052,False,30.0,,,
leave_one_out,without_role,4,Ridge,17.92982305619736,True,100.0,,,
leave_one_out,without_role,4,Ridge,17.94995132540276,False,300.0,,,
leave_one_out,without_role,4,XGBoost,17.8093259031456,False,,200.0,2.0,0.03
leave_one_out,without_role,4,XGBoost,17.692191727845405,False,,300.0,2.0,0.03
leave_one_out,without_role,4,XGBoost,17.696174322694052,False,,200.0,3.0,0.03
leave_one_out,without_role,4,XGBoost,17.624459603819304,True,,300.0,3.0,0.03
leave_one_out,without_role,4,XGBoost,17.69032845026823,False,,200.0,2.0,0.05
leave_one_out,without_role,4,XGBoost,17.691040805037833,False,,300.0,3.0,0.05
leave_one_out,without_context_availability,1,Ridge,16.98229362452766,False,0.1,,,
leave_one_out,without_context_availability,1,Ridge,16.98182127827529,False,0.3,,,
leave_one_out,without_context_availability,1,Ridge,16.980332529367633,False,1.0,,,
leave_one_out,without_context_availability,1,Ridge,16.97715381753184,False,3.0,,,
leave_one_out,without_context_availability,1,Ridge,16.97434839254196,True,10.0,,,
leave_one_out,without_context_availability,1,Ridge,16.980898728317758,False,30.0,,,
leave_one_out,without_context_availability,1,Ridge,17.010083388855282,False,100.0,,,
leave_one_out,without_context_availability,1,Ridge,17.110815555192776,False,300.0,,,
leave_one_out,without_context_availability,1,XGBoost,16.797313915635826,False,,200.0,2.0,0.03
leave_one_out,without_context_availability,1,XGBoost,16.73476032324997,False,,300.0,2.0,0.03
leave_one_out,without_context_availability,1,XGBoost,16.764731948696557,False,,200.0,3.0,0.03
leave_one_out,without_context_availability,1,XGBoost,16.724080446202937,True,,300.0,3.0,0.03
leave_one_out,without_context_availability,1,XGBoost,16.782151667682975,False,,200.0,2.0,0.05
leave_one_out,without_context_availability,1,XGBoost,16.94204183905111,False,,300.0,3.0,0.05
leave_one_out,without_context_availability,2,Ridge,17.130783268794037,False,0.1,,,
leave_one_out,without_context_availability,2,Ridge,17.12901516561825,False,0.3,,,
leave_one_out,without_context_availability,2,Ridge,17.122929273534314,False,1.0,,,
leave_one_out,without_context_availability,2,Ridge,17.106360313874028,False,3.0,,,
leave_one_out,without_context_availability,2,Ridge,17.05934944716214,False,10.0,,,
leave_one_out,without_context_availability,2,Ridge,16.979174245306808,False,30.0,,,
leave_one_out,without_context_availability,2,Ridge,16.908461100267857,True,100.0,,,
leave_one_out,without_context_availability,2,Ridge,16.94653799401119,False,300.0,,,
leave_one_out,without_context_availability,2,XGBoost,16.747492693106352,False,,200.0,2.0,0.03
leave_one_out,without_context_availability,2,XGBoost,16.563119888817347,False,,300.0,2.0,0.03
leave_one_out,without_context_availability,2,XGBoost,16.576246017740672,False,,200.0,3.0,0.03
leave_one_out,without_context_availability,2,XGBoost,16.46905156030079,True,,300.0,3.0,0.03
leave_one_out,without_context_availability,2,XGBoost,16.53938949813117,False,,200.0,2.0,0.05
leave_one_out,without_context_availability,2,XGBoost,16.473030707005698,False,,300.0,3.0,0.05
leave_one_out,without_context_availability,3,Ridge,17.966073272463362,True,0.1,,,
leave_one_out,without_context_availability,3,Ridge,17.966469305969948,False,0.3,,,
leave_one_out,without_context_availability,3,Ridge,17.967806247869383,False,1.0,,,
leave_one_out,without_context_availability,3,Ridge,17.971253560576574,False,3.0,,,
leave_one_out,without_context_availability,3,Ridge,17.980273643619885,False,10.0,,,
leave_one_out,without_context_availability,3,Ridge,17.9948342921677,False,30.0,,,
leave_one_out,without_context_availability,3,Ridge,18.018597697202537,False,100.0,,,
leave_one_out,without_context_availability,3,Ridge,18.059077813993294,False,300.0,,,
leave_one_out,without_context_availability,3,XGBoost,17.915937052845305,False,,200.0,2.0,0.03
leave_one_out,without_context_availability,3,XGBoost,17.823553864425715,False,,300.0,2.0,0.03
leave_one_out,without_context_availability,3,XGBoost,17.784867484723133,False,,200.0,3.0,0.03
leave_one_out,without_context_availability,3,XGBoost,17.732385904973043,True,,300.0,3.0,0.03
leave_one_out,without_context_availability,3,XGBoost,17.75478434284414,False,,200.0,2.0,0.05
leave_one_out,without_context_availability,3,XGBoost,17.823172388364412,False,,300.0,3.0,0.05
leave_one_out,without_context_availability,4,Ridge,17.899548600419557,False,0.1,,,
leave_one_out,without_context_availability,4,Ridge,17.899339362746925,False,0.3,,,
leave_one_out,without_context_availability,4,Ridge,17.89862631512321,False,1.0,,,
leave_one_out,without_context_availability,4,Ridge,17.896740568772714,False,3.0,,,
leave_one_out,without_context_availability,4,Ridge,17.8916328088403,False,10.0,,,
leave_one_out,without_context_availability,4,Ridge,17.88742484570003,True,30.0,,,
leave_one_out,without_context_availability,4,Ridge,17.895796773164815,False,100.0,,,
leave_one_out,without_context_availability,4,Ridge,17.939328655309833,False,300.0,,,
leave_one_out,without_context_availability,4,XGBoost,17.824628816678622,False,,200.0,2.0,0.03
leave_one_out,without_context_availability,4,XGBoost,17.68838280015926,False,,300.0,2.0,0.03
leave_one_out,without_context_availability,4,XGBoost,17.679553284595432,False,,200.0,3.0,0.03
leave_one_out,without_context_availability,4,XGBoost,17.641996943845374,True,,300.0,3.0,0.03
leave_one_out,without_context_availability,4,XGBoost,17.69492201425383,False,,200.0,2.0,0.05
leave_one_out,without_context_availability,4,XGBoost,17.676545292619366,False,,300.0,3.0,0.05
leave_one_out,without_role_conditional_output,1,Ridge,16.795100950511003,False,0.1,,,
leave_one_out,without_role_conditional_output,1,Ridge,16.794751826426246,False,0.3,,,
leave_one_out,without_role_conditional_output,1,Ridge,16.79381591519626,False,1.0,,,
leave_one_out,without_role_conditional_output,1,Ridge,16.7925252983015,True,3.0,,,
leave_one_out,without_role_conditional_output,1,Ridge,16.79297995526667,False,10.0,,,
leave_one_out,without_role_conditional_output,1,Ridge,16.804824673128966,False,30.0,,,
leave_one_out,without_role_conditional_output,1,Ridge,16.840081968086384,False,100.0,,,
leave_one_out,without_role_conditional_output,1,Ridge,16.924307297877608,False,300.0,,,
leave_one_out,without_role_conditional_output,1,XGBoost,16.73822457582504,False,,200.0,2.0,0.03
leave_one_out,without_role_conditional_output,1,XGBoost,16.649974129335273,False,,300.0,2.0,0.03
leave_one_out,without_role_conditional_output,1,XGBoost,16.68487560336802,False,,200.0,3.0,0.03
leave_one_out,without_role_conditional_output,1,XGBoost,16.686192428437483,False,,300.0,3.0,0.03
leave_one_out,without_role_conditional_output,1,XGBoost,16.635842820282146,True,,200.0,2.0,0.05
leave_one_out,without_role_conditional_output,1,XGBoost,16.733192847818803,False,,300.0,3.0,0.05
leave_one_out,without_role_conditional_output,2,Ridge,17.26833476610427,False,0.1,,,
leave_one_out,without_role_conditional_output,2,Ridge,17.266287310430986,False,0.3,,,
leave_one_out,without_role_conditional_output,2,Ridge,17.2593508972087,False,1.0,,,
leave_one_out,without_role_conditional_output,2,Ridge,17.240423204152297,False,3.0,,,
leave_one_out,without_role_conditional_output,2,Ridge,17.187255439595283,False,10.0,,,
leave_one_out,without_role_conditional_output,2,Ridge,17.103106419327702,False,30.0,,,
leave_one_out,without_role_conditional_output,2,Ridge,17.02492747618126,True,100.0,,,
leave_one_out,without_role_conditional_output,2,Ridge,17.04578958829862,False,300.0,,,
leave_one_out,without_role_conditional_output,2,XGBoost,16.942439479124157,False,,200.0,2.0,0.03
leave_one_out,without_role_conditional_output,2,XGBoost,16.748371698824663,False,,300.0,2.0,0.03
leave_one_out,without_role_conditional_output,2,XGBoost,16.757434814031576,False,,200.0,3.0,0.03
leave_one_out,without_role_conditional_output,2,XGBoost,16.653317081742504,True,,300.0,3.0,0.03
leave_one_out,without_role_conditional_output,2,XGBoost,16.806784286459077,False,,200.0,2.0,0.05
leave_one_out,without_role_conditional_output,2,XGBoost,16.666928605080077,False,,300.0,3.0,0.05
leave_one_out,without_role_conditional_output,3,Ridge,18.023355310745988,True,0.1,,,
leave_one_out,without_role_conditional_output,3,Ridge,18.023687075974767,False,0.3,,,
leave_one_out,without_role_conditional_output,3,Ridge,18.024830422141935,False,1.0,,,
leave_one_out,without_role_conditional_output,3,Ridge,18.02781098841614,False,3.0,,,
leave_one_out,without_role_conditional_output,3,Ridge,18.035974309582404,False,10.0,,,
leave_one_out,without_role_conditional_output,3,Ridge,18.050444784875367,False,30.0,,,
leave_one_out,without_role_conditional_output,3,Ridge,18.072415730423412,False,100.0,,,
leave_one_out,without_role_conditional_output,3,Ridge,18.11012259488749,False,300.0,,,
leave_one_out,without_role_conditional_output,3,XGBoost,17.91328836598824,False,,200.0,2.0,0.03
leave_one_out,without_role_conditional_output,3,XGBoost,17.785186492388604,False,,300.0,2.0,0.03
leave_one_out,without_role_conditional_output,3,XGBoost,17.764611775283523,False,,200.0,3.0,0.03
leave_one_out,without_role_conditional_output,3,XGBoost,17.710037082379095,True,,300.0,3.0,0.03
leave_one_out,without_role_conditional_output,3,XGBoost,17.76071868043388,False,,200.0,2.0,0.05
leave_one_out,without_role_conditional_output,3,XGBoost,17.74703634821496,False,,300.0,3.0,0.05
leave_one_out,without_role_conditional_output,4,Ridge,17.967010637053267,False,0.1,,,
leave_one_out,without_role_conditional_output,4,Ridge,17.966666132884935,False,0.3,,,
leave_one_out,without_role_conditional_output,4,Ridge,17.965481972019393,False,1.0,,,
leave_one_out,without_role_conditional_output,4,Ridge,17.96240000972336,False,3.0,,,
leave_one_out,without_role_conditional_output,4,Ridge,17.954088149645433,False,10.0,,,
leave_one_out,without_role_conditional_output,4,Ridge,17.940934884038995,False,30.0,,,
leave_one_out,without_role_conditional_output,4,Ridge,17.929988027947683,True,100.0,,,
leave_one_out,without_role_conditional_output,4,Ridge,17.94320775716812,False,300.0,,,
leave_one_out,without_role_conditional_output,4,XGBoost,17.873197367450842,False,,200.0,2.0,0.03
leave_one_out,without_role_conditional_output,4,XGBoost,17.706045095731614,False,,300.0,2.0,0.03
leave_one_out,without_role_conditional_output,4,XGBoost,17.71362920304657,False,,200.0,3.0,0.03
leave_one_out,without_role_conditional_output,4,XGBoost,17.660152793593262,True,,300.0,3.0,0.03
leave_one_out,without_role_conditional_output,4,XGBoost,17.67117599908415,False,,200.0,2.0,0.05
leave_one_out,without_role_conditional_output,4,XGBoost,17.703200016139082,False,,300.0,3.0,0.05
