design,spec,model,n,MAE,MedianAE,RMSE,R2,Spearman,Bias,P90_AE,P95_AE,MAE_change_vs_full
leave_one_out,full,Ridge,4742,17.566253754928734,15.401773790204846,21.58081027236876,0.43261209380757726,0.6578615281790383,1.681791701705594,34.51519654157378,41.567757352787055,0.0
leave_one_out,full,XGBoost,4742,17.18906790480446,14.822802091644995,21.41582893920849,0.4412540866185718,0.6611894658727097,0.9725810014802263,34.7736943438407,41.73905610773314,0.0
leave_one_out,without_age_exposure,Ridge,4742,17.5869145527013,15.550079736822202,21.582803121874715,0.43250729969636614,0.65806100386537,1.7851910604329542,34.66432323708454,41.42810622419951,0.020660797772567463
leave_one_out,without_age_exposure,XGBoost,4742,17.335773940712308,15.170897034247094,21.525595114790608,0.4355117379735306,0.6573208939921834,1.2343669400430242,34.996938663062195,41.79001511456494,0.14670603590784737
leave_one_out,without_context_availability,Ridge,4742,17.549260834568884,15.528373169124901,21.57340271638986,0.43300153575130296,0.6577117429019451,1.585456138416819,34.361985498297024,41.45458154585802,-0.01699292035985067
leave_one_out,without_context_availability,XGBoost,4742,17.191784201340646,14.807146016664149,21.384855915911036,0.44286911031438536,0.6616445486349435,0.7582362555580572,34.55052790769757,41.63114369294417,0.0027162965361853253
leave_one_out,without_current_performance,Ridge,4742,18.540138993741692,16.75858806291465,22.401336851383395,0.3886464272499659,0.6302312159939807,1.8212282493211325,36.01344072529214,41.9492792858737,0.973885238812958
leave_one_out,without_current_performance,XGBoost,4742,17.74320855886533,15.524527225380346,21.925025986849743,0.41436797904004385,0.6427651350566808,2.2946313552162887,35.7324538308383,42.70996252931516,0.5541406540608698
leave_one_out,without_role,Ridge,4742,17.583533690230045,15.378899413490013,21.615017948891513,0.43081193854894273,0.6564675834346837,1.607384378574031,34.702516523628205,41.386226325530075,0.017279935301310445
leave_one_out,without_role,XGBoost,4742,17.187274879619636,14.951964369136304,21.38373806682812,0.4429273545203848,0.6620347728876236,0.9619140115243686,34.64225092241843,41.666531875185356,-0.0017930251848241596
leave_one_out,without_role_conditional_output,Ridge,4742,17.628008417040014,15.4999301030455,21.692911792523034,0.4267021910554515,0.6540531008632998,1.6881459254361824,34.69154531979803,42.00003786465577,0.06175466211128011
leave_one_out,without_role_conditional_output,XGBoost,4742,17.301820154097992,15.040799128326555,21.496241784461088,0.4370502146361023,0.6578733112316846,0.7759978685925957,34.84700885827344,41.49408197024844,0.112752249293532
leave_one_out,without_trajectory_history,Ridge,4742,17.938675004810804,15.586986453407892,22.15789412272484,0.40186178959984853,0.6304069074776687,0.6987019379777594,35.83325850001897,42.63670575234757,0.3724212498820698
leave_one_out,without_trajectory_history,XGBoost,4742,17.807973496792755,15.35459607022635,22.110373926705126,0.4044245932608782,0.6319310373960242,0.8759771906427473,36.18715626203005,43.05442048710627,0.6189055919882946
