design,spec,model,n,MAE,MedianAE,RMSE,R2,Spearman,Bias,P90_AE,P95_AE,order
nested,1_current_plus_role,Ridge,4742,18.255544757551743,15.64632322405555,22.487343768594947,0.383942995967714,0.6178418108471586,0.9339795398399843,36.56092267441933,43.85483149712425,0
nested,2_add_trajectory,Ridge,4742,17.628022236451717,15.493535997471163,21.68192772483654,0.4272826154576088,0.6528526237746798,0.9368078707929287,34.850294703370515,41.83665607044508,1
nested,3_add_age_exposure,Ridge,4742,17.596639484161688,15.407933589326753,21.68184050732382,0.42728722306316314,0.6539252112435966,1.5092540901433924,34.729553797415896,41.85058710101922,2
nested,4_add_context,Ridge,4742,17.628008417040014,15.499930103045529,21.692911792523034,0.4267021910554515,0.6540531008632998,1.6881459254361786,34.69154531979804,42.00003786465577,3
nested,5_full_add_role_output,Ridge,4742,17.566253754928734,15.401773790204846,21.58081027236876,0.43261209380757726,0.6578615281790383,1.681791701705594,34.51519654157378,41.567757352787055,4
nested,1_current_plus_role,XGBoost,4742,18.224672783481623,15.692739464660363,22.494474581556034,0.3835522264904546,0.6161127135312058,0.8787554230169023,36.596564257619676,43.53684710866981,0
nested,2_add_trajectory,XGBoost,4742,17.483732310425864,15.143682681487872,21.69137863080446,0.4267832246393177,0.6513090364530799,0.9845899163684079,35.12879490960365,41.96460253120988,1
nested,3_add_age_exposure,XGBoost,4742,17.246811550520114,14.999870455542272,21.44983958430715,0.43947797992048676,0.6595009528478313,0.6799753544037881,34.412206883423444,42.12560805296991,2
nested,4_add_context,XGBoost,4742,17.269699558745334,15.040102047425272,21.464349619448413,0.43871937796622607,0.6591804746685593,0.8426724775702179,34.860693102999974,41.44508415740463,3
nested,5_full_add_role_output,XGBoost,4742,17.18906790480446,14.822802091644995,21.41582893920849,0.4412540866185718,0.6611894658727097,0.9725810014802263,34.7736943438407,41.73905610773314,4
