fold,model,C,macro_F1,n_estimators,max_depth,learning_rate
1,Multinomial logistic,0.03,0.4676573372225546,,,
1,Multinomial logistic,0.1,0.4595924908424909,,,
1,Multinomial logistic,0.3,0.4623347224165902,,,
1,Multinomial logistic,1.0,0.4624866063964393,,,
1,Multinomial logistic,3.0,0.463551408132769,,,
1,Multinomial logistic,10.0,0.4633863122226443,,,
1,Direct XGBoost,,0.4833703466594151,200.0,2.0,0.03
1,Direct XGBoost,,0.4893654629336351,300.0,2.0,0.03
1,Direct XGBoost,,0.5043847661424107,200.0,3.0,0.03
1,Direct XGBoost,,0.5015425856950763,300.0,3.0,0.03
1,Direct XGBoost,,0.4953029672088847,200.0,3.0,0.05
2,Multinomial logistic,0.03,0.49101298586790404,,,
2,Multinomial logistic,0.1,0.47611060938373545,,,
2,Multinomial logistic,0.3,0.45590210924289876,,,
2,Multinomial logistic,1.0,0.44533726739745133,,,
2,Multinomial logistic,3.0,0.44118483826577964,,,
2,Multinomial logistic,10.0,0.4386052589818504,,,
2,Direct XGBoost,,0.4984339832521784,200.0,2.0,0.03
2,Direct XGBoost,,0.5118415593913731,300.0,2.0,0.03
2,Direct XGBoost,,0.5072755293318577,200.0,3.0,0.03
2,Direct XGBoost,,0.5046449445575989,300.0,3.0,0.03
2,Direct XGBoost,,0.5073422562414822,200.0,3.0,0.05
3,Multinomial logistic,0.03,0.4694959222087068,,,
3,Multinomial logistic,0.1,0.4656927879369183,,,
3,Multinomial logistic,0.3,0.4670470324213949,,,
3,Multinomial logistic,1.0,0.460362632807853,,,
3,Multinomial logistic,3.0,0.46146228844784926,,,
3,Multinomial logistic,10.0,0.460362632807853,,,
3,Direct XGBoost,,0.5118200478959973,200.0,2.0,0.03
3,Direct XGBoost,,0.5108724003585844,300.0,2.0,0.03
3,Direct XGBoost,,0.5080568709907215,200.0,3.0,0.03
3,Direct XGBoost,,0.5182141318397243,300.0,3.0,0.03
3,Direct XGBoost,,0.5237271963540607,200.0,3.0,0.05
4,Multinomial logistic,0.03,0.464828090089395,,,
4,Multinomial logistic,0.1,0.46182252816900604,,,
4,Multinomial logistic,0.3,0.46440412452322616,,,
4,Multinomial logistic,1.0,0.46787053814870583,,,
4,Multinomial logistic,3.0,0.46739215558141084,,,
4,Multinomial logistic,10.0,0.4673833495197243,,,
4,Direct XGBoost,,0.5208547624681064,200.0,2.0,0.03
4,Direct XGBoost,,0.5175304497626124,300.0,2.0,0.03
4,Direct XGBoost,,0.524550662319425,200.0,3.0,0.03
4,Direct XGBoost,,0.5242221662974271,300.0,3.0,0.03
4,Direct XGBoost,,0.5175887345679012,200.0,3.0,0.05
