threshold,approach,n,accuracy,balanced_accuracy,macro_F1
5.0,Derived from Persistence,4742,0.21784057359763812,0.3333333333333333,0.11924963924963926
5.0,Derived from Role-age-league mean,4742,0.49029945170814004,0.42901451459381973,0.4109272296068763
5.0,Derived from Linear regression,4742,0.4768030366933783,0.43833493292957004,0.44071073771863634
5.0,Derived from Ridge,4742,0.4765921552087727,0.43740334504398537,0.43979314935627994
5.0,Derived from ElasticNet,4742,0.47743568114719526,0.43670615833448784,0.4391460270068405
5.0,Derived from Random Forest,4742,0.48270771826233655,0.446014721136257,0.4480281023069456
5.0,Derived from XGBoost,4742,0.4930409110080135,0.45926944278043963,0.461341061809551
5.0,Derived from LightGBM,4742,0.4894559257697174,0.4519734530629091,0.4536973062070874
5.0,Derived from Mixed-effects (BLUP),4742,0.4803880219316744,0.4376123424169244,0.43754326526901655
10.0,Derived from Persistence,4742,0.37600168705187687,0.3333333333333333,0.18217113665389528
10.0,Derived from Role-age-league mean,4742,0.4171235765499789,0.4350499458452697,0.4051720662004728
10.0,Derived from Linear regression,4742,0.4517081400253058,0.4464401422716693,0.45259006311655153
10.0,Derived from Ridge,4742,0.4500210881484606,0.44481760834492073,0.4513609222595187
10.0,Derived from ElasticNet,4742,0.45318431041754537,0.4490186117149902,0.4563909089230956
10.0,Derived from Random Forest,4742,0.46668072543230704,0.4584242206153348,0.46507657260298557
10.0,Derived from XGBoost,4742,0.46689160691691267,0.46016977451386404,0.46685051170580105
10.0,Derived from LightGBM,4742,0.4660480809784901,0.45953110358063176,0.46643179799992857
10.0,Derived from Mixed-effects (BLUP),4742,0.44896668072543233,0.44684696744936464,0.45287561341085253
15.0,Derived from Persistence,4742,0.509067903838043,0.3333333333333333,0.22489286379727969
15.0,Derived from Role-age-league mean,4742,0.3924504428511177,0.4409763045670017,0.40306693103535923
15.0,Derived from Linear regression,4742,0.5177140447068748,0.43427505913490205,0.44023977082632637
15.0,Derived from Ridge,4742,0.5185575706452974,0.4353753211381099,0.44206233067299044
15.0,Derived from ElasticNet,4742,0.5212990299451709,0.4381110735597538,0.44668124589007147
15.0,Derived from Random Forest,4742,0.5314213412062421,0.4287178063868054,0.4309603463592673
15.0,Derived from XGBoost,4742,0.5377477857444116,0.4478838420362952,0.4571365065534299
15.0,Derived from LightGBM,4742,0.5347954449599325,0.44404259177707783,0.45233700268698757
15.0,Derived from Mixed-effects (BLUP),4742,0.5141290594685787,0.431715383979937,0.439790473476926
