player_id,player,forecast_origin_season,target_season,role,perf_rank_t,rank_t1,pred_xgboost,residual_xgb
Enes Ünal||1997,Enes Ünal,2022/23,2023/24,FW,14.537444933920703,94.02654867256636,24.098997,69.92755167256637
Arne Maier||1999,Arne Maier,2022/23,2023/24,MF,6.180665610142631,92.24283305227657,22.317373,69.92546005227656
Cristhian Stuani||1986,Cristhian Stuani,2022/23,2023/24,FW,38.1057268722467,99.77876106194692,29.941158,69.83760306194692
Brennan Johnson||2001,Brennan Johnson,2022/23,2023/24,FW,7.048458149779736,92.2566371681416,22.504585,69.7520521681416
Callum Wilson||1992,Callum Wilson,2021/22,2022/23,FW,7.399103139013453,87.66519823788546,19.056133,68.60906523788546
Mateo Retegui||1999,Mateo Retegui,2023/24,2024/25,FW,1.5486725663716814,83.88520971302428,16.446684,67.43852571302428
Thilo Kehrer||1996,Thilo Kehrer,2022/23,2023/24,DF,20.20460358056266,93.66925064599482,26.548203,67.12104764599482
Pierre-Emerick Aubameyang||1989,Pierre-Emerick Aubameyang,2022/23,2023/24,FW,3.744493392070485,86.72566371681415,20.870743,65.85492071681415
Igor Carioca||1996,Igor Carioca,2021/22,2022/23,DF,12.0,94.37340153452686,30.76338,63.610021534526865
Antonio Raillo||1991,Antonio Raillo,2022/23,2023/24,DF,27.62148337595908,87.85529715762273,24.878332,62.97696515762273
Mama Samba Baldé||1995,Mama Samba Baldé,2022/23,2023/24,FW,37.22466960352423,97.56637168141592,34.701607,62.86476468141591
Anthony Modeste||1988,Anthony Modeste,2020/21,2021/22,FW,7.606263982102908,70.62780269058297,8.812769,61.815033690582965
Eric Dier||1994,Eric Dier,2023/24,2024/25,DF,35.14211886304909,93.048128342246,32.019306,61.028822342246
Vlad Chiricheș||1989,Vlad Chiricheș,2021/22,2022/23,DF,7.870967741935483,92.96675191815856,33.4157,59.551051918158564
Marko Arnautović||1989,Marko Arnautović,2022/23,2023/24,FW,28.193832599118945,92.92035398230088,33.67673,59.24362398230088
Rasmus Kristensen||1997,Rasmus Kristensen,2023/24,2024/25,DF,9.17312661498708,91.31016042780747,32.22536,59.08480042780747
Paolo Ghiglione||1997,Paolo Ghiglione,2020/21,2021/22,DF,14.025974025974024,84.7741935483871,25.702097,59.07209654838711
Kalifa Coulibaly||1991,Kalifa Coulibaly,2020/21,2021/22,FW,10.51454138702461,78.02690582959642,19.189808,58.837097829596416
Jorge Cuenca||1999,Jorge Cuenca,2021/22,2022/23,DF,31.870967741935484,96.67519181585678,37.980827,58.69436481585678
Lorenzo Tonelli||1990,Lorenzo Tonelli,2020/21,2021/22,DF,33.246753246753244,89.29032258064517,31.253164,58.03715858064517
Bastian Oczipka||1989,Bastian Oczipka,2020/21,2021/22,DF,20.12987012987013,87.22580645161291,29.87083,57.35497645161291
Marquinhos||1994,Marquinhos,2022/23,2023/24,DF,9.207161125319692,82.55813953488372,25.234571,57.32356853488372
Martin Terrier||1997,Martin Terrier,2020/21,2021/22,FW,33.557046979865774,85.42600896860986,28.318064,57.107944968609864
Kristoffer Ajer||1998,Kristoffer Ajer,2022/23,2023/24,DF,3.0690537084398977,78.68217054263566,22.166025,56.516145542635655
Arkadiusz Milik||1994,Arkadiusz Milik,2022/23,2023/24,FW,31.71806167400881,89.82300884955751,33.465324,56.35768484955751
Aridane Hernández||1989,Aridane Hernández,2023/24,2024/25,DF,2.0671834625323,71.65775401069519,15.433868,56.22388601069518
Sepp van den Berg||2001,Sepp van den Berg,2022/23,2023/24,DF,15.856777493606138,89.79328165374677,33.816128,55.977153653746775
Liberato Cacace||2000,Liberato Cacace,2021/22,2022/23,DF,46.58064516129032,97.5703324808184,41.734234,55.83609848081839
Sebastiano Luperto||1996,Sebastiano Luperto,2020/21,2021/22,DF,19.61038961038961,86.45161290322581,31.096193,55.35541990322581
Roberto Soldado||1985,Roberto Soldado,2020/21,2021/22,FW,3.803131991051454,58.744394618834086,4.1061172,54.638277418834086
