breakdown,category,n,MAE,MedianAE,RMSE,R2,Spearman,Bias,P90_AE,P95_AE
role,DF,2121,18.636398870327106,16.480320056265988,22.77484119774377,0.37064808277682615,0.6031442403613807,1.173725414003526,36.686708930481274,43.09374548387097
role,FW,1067,17.88769059046457,16.25488754966888,22.3827170837555,0.39273195686830664,0.6369185458421378,1.4933796157445327,36.30227796821191,43.302083329433714
role,MF,1554,14.733971768954515,12.430585570205366,18.643842997610523,0.5696180410823912,0.7528025969057167,0.3404578188963536,30.196853069690437,36.85582834784895
age_band,U21,427,18.45335525180444,16.18304603580563,22.681790653543345,0.3489299442916448,0.5907585312225174,0.5208673560070785,37.91263854253986,45.83837773704898
age_band,21-24,1635,17.661551335002496,15.079922589147289,21.769625004936962,0.38927408505007777,0.6227038608421993,1.3052398189886847,35.071643671044605,41.52785510827535
age_band,25-28,1581,16.623573516346994,14.888807548387096,20.670726474530486,0.48276876686362746,0.6899713225957577,0.2251077634091136,33.33193129032258,39.076375374449334
age_band,29-32,873,16.993473290544717,14.045639462915588,21.495269994359983,0.4662407554524488,0.6854084956660778,1.7399610228957931,36.489307487282026,43.62848941818181
age_band,33+,226,16.093667945597748,12.529485198093468,21.185635583502894,0.5099863836975296,0.7121221650852186,1.6841605825950026,34.72071404347827,42.44865844233149
minutes_band,High (>=median),2331,15.783474759693908,13.457139903225809,19.803625368644745,0.5191113615943075,0.7181860770144455,1.0056855383132672,32.39005566079295,38.442062322322656
minutes_band,Low (<median),2411,18.54802170389809,16.25020718670077,22.866719214846775,0.3622849788368663,0.5985568340075436,0.9405749124253849,37.38514684547461,44.98673018367821
history_band,No history,579,18.84194885021773,16.3743862248062,23.3843059159002,0.2872320869045848,0.523616638197129,0.36511900968995786,39.0454107908952,47.102383645869295
history_band,One prior season,675,16.81287797571296,14.50878794039735,20.815383510067832,0.4117409880795101,0.6341623990151724,0.6973218756354252,32.940752070293534,40.659458427357826
history_band,Two or more prior seasons,3488,16.987493972208284,14.790862908874805,21.18740012982788,0.4647157145243337,0.6809898155773986,1.1266866201265573,34.4805890787542,41.04653225775363
transfer_cat,Not transferred,2931,16.525177997128466,14.34429852017935,20.654614926832203,0.4943264301314607,0.7024565784178001,0.8994823127515421,33.49846677419355,40.4192501862549
transfer_cat,Transferred,978,18.15790407982214,15.821906827725158,22.593924767029876,0.34716216023799895,0.5944876155212374,1.5726966181135718,36.81529669323789,44.41177075477879
transfer_cat,Unknown (no prior season),833,18.387554733847807,16.31905438502674,22.593072922582635,0.3171426337140627,0.5471539128519415,0.5252090665978204,36.626235219225464,42.72711040530973
starting_rank_band,0-20,762,15.901335903026723,12.817342170076728,20.738916235971622,0.14306339325088624,0.4020896601083321,1.4477936212197222,31.848902203934763,46.176755057776745
starting_rank_band,20-40,929,18.890755290082797,16.621131321711573,22.971790174661916,0.08164049409144869,0.2985555221562895,2.4502435052928693,37.11424838722843,43.51819528407342
starting_rank_band,40-60,962,18.895523002439155,16.968866052595107,22.59890535208004,0.0712427461988957,0.25356773768211,0.9717817570094112,35.82803237180617,41.64179527447878
starting_rank_band,60-80,1012,17.94946260721438,16.57027937015899,21.8186521667456,0.146444062648464,0.384607865258098,0.6736743395084653,35.40033537605466,40.155079863178265
starting_rank_band,80-100,1077,14.393575750700187,11.34962737306843,18.877898320079357,0.2205040496736539,0.496002173067636,-0.35666511972729364,29.867823944200794,39.783951097605204
target_season,2021/22,1212,16.505178739701435,14.050984564516124,20.665532911433324,0.48297047658340375,0.6950461365118789,1.1982336137844414,33.497307445611405,39.989898665858455
target_season,2022/23,1200,17.64550543652694,15.37372553321363,21.95629560113958,0.4144686850050108,0.6393696128933757,-0.7641907744221634,36.256888520602224,41.96768814327603
target_season,2023/24,1187,17.634572184027594,15.486625902654868,21.872964560317183,0.4159530151313616,0.6452200710196621,2.123612669762045,34.286951787939394,42.00195083204136
target_season,2024/25,1143,16.97238814886578,14.183004061810152,21.14134387629315,0.4510354219499455,0.6684615250521474,1.3613479038128906,34.144343048128334,41.55997260427802
league_primary,ENG-Premier League,990,16.80144293651007,15.056149211344506,20.86830940854466,0.43521997772523213,0.6768347203077634,3.7370469932033967,33.017416242653695,40.987086533857735
league_primary,ESP-La Liga,1007,16.59270775430277,14.1557728318584,20.658113088081095,0.48452593885713957,0.6843092395281659,1.1569141612592098,33.820602889936296,41.10329781199374
league_primary,FRA-Ligue 1,863,17.570662542588178,15.309680725126476,21.830389390912686,0.3645560671441558,0.6126015309954612,1.8876494902801366,35.19214364145316,40.84834532097185
league_primary,GER-Bundesliga,849,17.222606912557474,14.655545809825668,21.648362918704457,0.44280459590112153,0.6627377151748239,1.1406486818982107,35.03665872826435,42.76133039910372
league_primary,ITA-Serie A,1033,17.79554669332242,15.2202238141593,22.106450635732937,0.3901526203237322,0.6225161461803034,-2.7591115402099677,35.650035811599466,43.148520777362286
