path,bytes,sha256
.gitignore,461,f546eaf148a84ff1c66ede4ce459b21e2ae9e464bb7322d02e351535f85c6912
PROJECT_STRUCTURE.md,1349,cf86eb16b51162ba67895e9dcaabd42ce83621bc38bf2286d15ef143c9436e4e
README.md,4494,71e548bd9df22dc58f0b19e4a0029728b2d128bef8377ef668a3a337f5698d5e
build_manifest.py,2732,4fc8193559a9d5782b9d97e0e5a18f5bcdd0d948e3606e5e735adce09570dffb
config/model_config.json,1628,7f3820dc070437e66bdfdd9b628b6de4016c4ea4ed3cdd98244d90c6ad15ba0d
data/README.md,867,89c79fa4a1a29aceae3a5a03a1ce87ba99960b6f6d635a9ba14856aa131b3c34
data/processed/.gitkeep,0,e3b0c44298fc1c149afbf4c8996fb92427ae41e4649b934ca495991b7852b855
data/raw/.gitkeep,0,e3b0c44298fc1c149afbf4c8996fb92427ae41e4649b934ca495991b7852b855
notebooks/01_data_audit_and_player_season_panel.ipynb,77844,e9aa33544eec8796fc46189803a5bed3a3ffba01de1cda34497a7695052a1845
notebooks/02_role_specific_performance_target.ipynb,110959,09fed09e84cfafc5a15641b112b773ffb7310243cca88d94527cdd7d6c7eaee2
notebooks/03_longitudinal_feature_engineering.ipynb,83740,3d4d9b4fb69fc340d975f00d73a077bc03b18999e6349ee71f7daf7762a0f949
notebooks/04_chronological_model_evaluation.ipynb,90677,8f4e4f0e6d98d4b2c8c318330540fb8e564f82bdef29ff14ec3ff78b775b2df2
notebooks/05_feature_group_ablation.ipynb,100901,99945e17dd47c3467da99e344683255f2f18431c57ba8637dce39d495ea99f9a
notebooks/06_error_direction_practical_uncertainty.ipynb,250606,cdb1f0729e7e82c996c4f8f25c900d54067b2b06906c717a378aba86f40b4cfb
requirements.txt,219,ae62cacc0e7ebaf1342a2c2e0e335060e30c6fdd3208677be9583308733f8178
results/README.md,528,32fc3595be07125ba00119ce9086fbe0db4efd6f5c5e456a51934a60d8d295d7
results/figures/02_target_distribution_by_role.png,47110,dafab4ea895f2370f93a3e82212ec7aae0c429a841f7fc7e6066125ad1eea27c
results/figures/02_target_league_means.png,38535,3bbd2781bad603f2d5e126b72ef28c9bbc144b4feff5f0ffecbe091d9c58b40e
results/figures/02_target_variance_decomposition.png,28475,08a755b61ff72608041fd4827bac2e6b038957ee89f85e4e92b9390ac06fb9e3
results/figures/04_pooled_regression_mae.png,53869,71fc77d0114bda1db06a2535ea585fb9a9e1620f64f465e33ebdfaee2e6686ea
results/figures/04_xgboost_mae_by_role.png,32321,08ba848ba23d26aa0d7d0c515bad15348a804bfb7bbbb92caca1880128cf6cb3
results/figures/05_nested_feature_group_ablation.png,95804,4c7a815434870e1246784bba7a7de4fd310c0ec887ab6fdf6227619f26ac785b
results/figures/06_direct_xgb_confusion_matrix.png,65456,8778e2421dad7e2bab6829a75863f024df50988175bd3d4def52778301ab28b6
results/figures/06_prediction_interval_coverage.png,53471,1f8fbb9ff600d0d97f54fd99070da2ca3bdb4637a293198df3fa9bfa8263c4e1
results/figures/06_top20_mean_overlap.png,74585,d79feea4d849b4c4c89958e1f6740696aa9145b80be28347a475503fb7bc8f74
results/figures/06_xgboost_residual_distribution.png,33282,3c56822ef8493afe16ce2e35e080ece80dbc4190f72a77ad5789a221870991d3
results/predictions/.gitkeep,0,e3b0c44298fc1c149afbf4c8996fb92427ae41e4649b934ca495991b7852b855
results/tables/01_data_audit_summary.csv,293,20c9182093c26c4441500438b5b10153600bbd6b9c2bd0c49c10128baa585c5c
results/tables/01_identity_audit_summary.csv,252,fe780ae0ba74c09d466e3b8b93823889a2f68224d9444a49bd28182bb8667243
results/tables/01_players_by_season_league.csv,331,bdba9434280ac2514ffb1f2556359989b295d96c4041c1c17890ea9664c7bbac
results/tables/01_rows_by_season_league.csv,328,bd6397d54aa63f25a620cd7dbf166e6b11ab0557be94de8aec8951c4e3084289
results/tables/01_season_retention_summary.csv,375,f4fae1c64b04e57555be3de605168156e7485debd8f8430b78719098bdb01502
results/tables/01_season_to_season_transfer_summary.csv,252,c141b55ba53a5e7f1c9ebe9a9e60aa86640e1d39a953ba71864bf92ff7625622
results/tables/02_target_900min_sensitivity.csv,466,1c9a345dcb603fd7b9a7f743e68217e2432be6697e0eebbcf87b969cc0da7c65
results/tables/02_target_distribution_by_role.csv,558,242714e2d1e51802bda06e7c21cf93b9fe601320654fc4c2cc62d7b03a973c53
results/tables/02_target_league_means.csv,541,1a2843b42e0d26007a27fa6af9397f43f504ee26ae730de377b567177d6b45e9
results/tables/02_target_season_stability.csv,530,72cfb4f1a6bea093ca3dade595d2d8a29e6155023558566935a462de955debc9
results/tables/02_target_variance_decomposition.csv,383,ad79527055f934ac50058a3413cbc1cc5711a8a3be4b07391a1b58192bb185c1
results/tables/02_target_weight_sensitivity_monte_carlo.csv,100,79aeaab21faf8969d2ae637dadde9ae6edc44d40819344c55e7870da47e74884
results/tables/03_feature_availability_summary.csv,1636,e1a4491e5605fea057e8f09853d2aae937a2f686fb23ff0cd309361b1e6e17b2
results/tables/03_feature_dictionary.csv,3769,e85c1bfc75d5d3af627aceee745c3c0ec02ef2c2d8f47df78f19895eec7ddf26
results/tables/04_chronological_fold_schedule.csv,234,561eef4b0673cc8fcc1581ed61fea39a41ea9d7846912eed70e020c15738f207
results/tables/04_feature_importance_lightgbm.csv,1914,463f1be0de23826cba6431b1cd25ff9dc4d840f62268f78269b6ebd8b7609d3d
results/tables/04_feature_importance_random_forest.csv,6789,38485a2542cf8b1e83c7d878ce07c1b150c67c260d52e21dc704bd0db67a7707
results/tables/04_feature_importance_xgboost.csv,3862,74287eb2ba4497be54f080271a9c6bf4f2b1aa5673a4a10675cde924ae73acba
results/tables/04_hyperparameter_tuning.csv,6697,55527edafdc686c66789d772136f794e1df90aa3992e5506f06225f3f8af9e25
results/tables/04_mixed_effects_blup_summary.csv,369,c771a8beeb989221a6027659fe4643d71cc14c523009b0270264d0ffc0aa08af
results/tables/04_mixed_effects_diagnostics.csv,595,f2ce52c1250895be20f81857cbc3671bf5faacd5a22c3c37bf908bcca0c01c10
results/tables/04_mixed_fixed_only_diagnostic.csv,251,da5d0c083aa677f8b8a41ae306b9546ea42e90b598bb33ed75cc91ae9eecb9c2
results/tables/04_regression_metrics_by_fold.csv,6807,ed6713734777d43bf9c3227eb26bdda87d4a189585e34afc7261f7c668b84d15
results/tables/04_regression_metrics_by_role.csv,4690,cf47d1b6f32eee172b494c24827c1ec7443bf16acc3823c81cf4fb671cd0c22c
results/tables/04_regression_metrics_pooled.csv,1566,e96a7df51d9044434db9ddf3ea603dccd274457c0403303324bf4ff2e8e75726
results/tables/05_ablation_hyperparameter_tuning.csv,51413,a8adfe37a43a3308c1b977557c09fa68f6295c7eb0b9244c932711e8988a04db
results/tables/05_feature_group_ablation_results.csv,4710,ef2467ecebc1540bbf0da4d336f679b49260957bd8ca2e83163c5780e4890575
results/tables/05_leave_one_group_out_summary.csv,3103,7af2d5dada88ab2754bf1148cdd84afe70e781fc6085b4c30b44220d68baf117
results/tables/05_nested_feature_addition_summary.csv,1970,88c9ce4b8e883a6ec16c269cdab417f194c5cf25ab0096ea6a64d469dee9dfd4
results/tables/06_derived_directional_confusion_counts.csv,10220,f6440d76bbea4fd5ac92370eeba5358fcf64e1784f0ab1a3e1a199712f1489f7
results/tables/06_derived_directional_metrics.csv,2599,574d9af96cbd8906bbfe41ba5affe68eff471f75a332fbe4fc533dbc4c06df61
results/tables/06_direct_classification_by_fold.csv,767,6fb648501158f9972303a518c3e44a683f39cfd4c522f35ee9894e1e82ffed56
results/tables/06_direct_classification_metrics.csv,226,126c6bf3a7e1a8b64ec77e2434488eeb9a9ce2588e88ffe71c415da322c01b69
results/tables/06_direct_classification_tuning.csv,2288,e6a3cb713de31d0034067dfa90eb048b38c0157d2c1b96a55260eb481ed29e9c
results/tables/06_direct_xgb_class_metrics.csv,251,c9eb6d96e8d67778a8be6ae2ff03c9306b16caf59584eee0415eeca4d53aee4b
results/tables/06_direct_xgb_confusion_matrix.csv,97,e37fcb9145413e456d3fec0904e413da74fa34fd668ae28964cca7d537374bc7
results/tables/06_direction_class_balance_threshold10.csv,117,05f6d49f411f78aa97cbf4780d5d58751b996f2e73e3b4a240692f9e7a724969
results/tables/06_final_analysis_summary.json,234,62c8af54ab666c53dbe4c14265ac42db0ffa649b66e56989d95ac1bac213c7f5
results/tables/06_largest_xgb_overpredictions.csv,3681,5f20a3927bdee6d64ba0254b7720c95cb6c4966d14f6aa5cffb74ef841494e5f
results/tables/06_largest_xgb_underpredictions.csv,3701,82273e704bd7614af29d882bd669adb5bbf1af77a1ff17dfe4d809f358384fa3
results/tables/06_player_cluster_bootstrap_comparisons.csv,426,2b67f0b86857fe9cf96f54de5ad519c1f7e20da995ccf522d21b008398c48c5a
results/tables/06_prediction_interval_metrics.csv,162,5ad527d05d6d0ed427eb8a01b191572786a03db34db47fa638735e39d5e42dde
results/tables/06_prediction_interval_subgroups.csv,780,4979161393d677843d7235a223aa44ba174f378f09cfe75d47354230d67f12d6
results/tables/06_season_specific_top20_results.csv,3414,c718c05d12b6c2606b621a6691eb135b7aa6f5375cc6ec08d0dd7fe79c2fa442
results/tables/06_selection_coverage.csv,254,b80118228223360519266c4f238e2e8d21142c653077c9d58e5d20ef41b6602d
results/tables/06_top20_mean_overlap.csv,764,a5e2bf6a165263df30aca09275e752a727162ddacdb662ec37a8932056f33a9b
results/tables/06_xgboost_subgroup_metrics.csv,5394,5819e4554ef9fd65a4591fbf5a39bf842a4fbc80199c7fc59ac45409d393a353
run_all.py,1288,08b419e357e9907fcfb06e783ddfc758e19321db394e82d51c22ceb70abe3b14
src/__init__.py,62,ef76d5627c26fb55032b704d88e2bf7d818778bc784d4398236b00140257cd97
src/analysis_utils.py,9982,34907679e56e21a0bfc44a47d995793c823965314c0b13ced36c63effa0d9271
validate_reproducibility.py,8953,307184a1ac7222e310927cade7caa5790329b1f49298c687de38141363377e11
